2021-04-14,3.4371,6.4851
2021-04-13,3.4020,6.4500
2021-04-12,3.3993,6.4473
2021-04-09,3.4682,6.5162
2021-04-08,3.5155,6.5635
2021-04-07,3.4954,6.5434
2021-04-06,3.5222,6.5702
2021-04-02,3.5242,6.5722
2021-04-01,3.4830,6.5310
2021-03-31,3.4343,6.4823
2021-03-30,3.4755,6.5235
2021-03-29,3.4459,6.4939
2021-03-26,3.4309,6.4789
2021-03-25,3.5069,6.4049
2021-03-24,3.4990,6.3970
2021-03-23,3.5644,6.4624
2021-03-22,3.5782,6.4762
2021-03-19,3.5435,6.4415
2021-03-18,3.6283,6.5263
2021-03-17,3.5809,6.4789
2021-03-16,3.5505,6.4485
2021-03-15,3.5007,6.3987
2021-03-12,3.5781,6.4761
2021-03-11,3.5639,6.4619
2021-03-10,3.4942,6.3922
2021-03-09,3.4677,6.3657
2021-03-08,3.5768,6.4748
2021-03-05,3.7090,6.6070
2021-03-04,3.7282,6.6262
2021-03-03,3.8721,6.7701
2021-03-02,3.8050,6.7030
2021-03-01,3.8557,6.7537
2021-02-26,3.7753,6.6733
2021-02-25,3.8471,6.7451
2021-02-24,3.8269,6.7249
2021-02-23,3.9413,6.8393
2021-02-22,3.9644,6.8624
2021-02-19,4.0951,6.9931
2021-02-18,4.1306,7.0286
2021-02-10,4.1490,7.0470
2021-02-09,4.0556,6.9536
2021-02-08,3.9858,6.8838
2021-02-05,3.9059,6.8039
2021-02-04,3.8885,6.7865
2021-02-03,3.8870,6.7850
2021-02-02,3.8984,6.7964
2021-02-01,3.8126,6.7106
2021-01-29,3.7301,6.6281
2021-01-28,3.7362,6.6342
2021-01-27,3.8522,6.7502
2021-01-26,3.8524,6.7504
2021-01-25,3.9409,6.8389
2021-01-22,3.8927,6.7907
2021-01-21,3.8513,6.7493
2021-01-20,3.7768,6.6748
2021-01-19,3.7272,6.6252
2021-01-18,3.7940,6.6920
2021-01-15,3.7290,6.6270
2021-01-14,3.7202,6.6182
2021-01-13,3.7862,6.6842
2021-01-12,3.8313,6.7293
2021-01-11,3.7593,6.6573
2021-01-08,3.7808,6.6788
2021-01-07,3.8252,6.7232
2021-01-06,3.7654,6.6634
2021-01-05,3.7201,6.6181
2021-01-04,3.6667,6.5647
2020-12-31,3.6221,6.5201
2020-12-30,3.5726,6.4706
2020-12-29,3.5174,6.4154
2020-12-28,3.5399,6.4379
2020-12-25,3.5350,6.4330
2020-12-24,3.5095,6.4075
2020-12-23,3.5157,6.4137
2020-12-22,3.4939,6.3919
2020-12-21,3.5428,6.4408
2020-12-18,3.4882,6.3862
2020-12-17,3.5023,6.4003
2020-12-16,3.4734,6.3714
2020-12-15,3.4610,6.3590
2020-12-14,3.4477,6.3457
2020-12-11,3.4062,6.3042
2020-12-10,3.4383,6.3363
2020-12-09,3.4164,6.3144
2020-12-08,3.4612,6.3592
2020-12-07,3.4571,6.3551
2020-12-04,3.4490,6.3470
2020-12-03,3.4156,6.3136
2020-12-02,3.4185,6.3165
2020-12-01,3.4140,6.3120
2020-11-30,3.3576,6.2556
2020-11-27,3.3616,6.2596
2020-11-26,3.3379,6.2359
2020-11-25,3.3448,6.2428
2020-11-24,3.4146,6.3126
2020-11-23,3.4464,6.3444
2020-11-20,3.4033,6.3013
2020-11-19,3.3764,6.2744
2020-11-18,3.3505,6.2485
2020-11-17,3.3660,6.2640
2020-11-16,3.4053,6.3033
2020-11-13,3.3615,6.2595
2020-11-12,3.3735,6.2715
2020-11-11,3.3593,6.2573
2020-11-10,3.4206,6.3186
2020-11-09,3.4451,6.3431
2020-11-06,3.3975,6.2955
2020-11-05,3.4527,6.3507
2020-11-04,3.4274,6.3254
2020-11-03,3.3927,6.2907
2020-11-02,3.3549,6.2529
2020-10-30,3.3180,6.2160
2020-10-29,3.3845,6.2825
2020-10-28,3.3460,6.2440
2020-10-27,3.3193,6.2173
2020-10-26,3.2882,6.1862
2020-10-23,3.2750,6.1730
2020-10-22,3.3443,6.2423
2020-10-21,3.3907,6.2887
2020-10-20,3.4066,6.3046
2020-10-19,3.3780,6.2760
2020-10-16,3.4012,6.2992
2020-10-15,3.4145,6.3125
2020-10-14,3.4415,6.3395
2020-10-13,3.4439,6.3419
2020-10-12,3.4145,6.3125
2020-10-09,3.3223,6.2203
2020-09-30,3.2276,6.1256
2020-09-29,3.2178,6.1158
2020-09-28,3.1982,6.0962
2020-09-25,3.1983,6.0963
2020-09-24,3.1999,6.0979
2020-09-23,3.2681,6.1661
2020-09-22,3.2268,6.1248
2020-09-21,3.2558,6.1538
2020-09-18,3.2783,6.1763
2020-09-17,3.2179,6.1159
2020-09-16,3.2430,6.1410
2020-09-15,3.2803,6.1783
2020-09-14,3.2349,6.1329
2020-09-11,3.2236,6.1216
2020-09-10,3.1747,6.0727
2020-09-09,3.1597,6.0577
2020-09-08,3.2625,6.1605
2020-09-07,3.2583,6.1563
2020-09-04,3.3382,6.2362
2020-09-03,3.3732,6.2712
2020-09-02,3.3863,6.2843
2020-09-01,3.3852,6.2832
2020-08-31,3.3715,6.2695
2020-08-28,3.4004,6.2984
2020-08-27,3.2967,6.1947
2020-08-26,3.2696,6.1676
2020-08-25,3.3036,6.2016
2020-08-24,3.3083,6.2063
2020-08-21,3.2584,6.1564
2020-08-20,3.1961,6.0941
2020-08-19,3.2499,6.1479
2020-08-18,3.3062,6.2042
2020-08-17,3.2696,6.1676
2020-08-14,3.2246,6.1226
2020-08-13,3.1815,6.0795
2020-08-12,3.1967,6.0947
2020-08-11,3.2701,6.1681
2020-08-10,3.3009,6.1989
2020-08-07,3.3154,6.2134
2020-08-06,3.3666,6.2646
2020-08-05,3.3835,6.2815
2020-08-04,3.3342,6.2322
2020-08-03,3.3620,6.2600
2020-07-31,3.3194,6.2174
2020-07-30,3.2913,6.1893
2020-07-29,3.3016,6.1996
2020-07-28,3.1990,6.0970
2020-07-27,3.1546,6.0526
2020-07-24,3.1433,6.0413
2020-07-23,3.2920,6.1900
2020-07-22,3.2704,6.1684
2020-07-21,3.2261,6.1241
2020-07-20,3.1597,6.0577
2020-07-17,3.0946,5.9926
2020-07-16,3.0338,5.9318
2020-07-15,3.1861,6.0841
2020-07-14,3.1982,6.0962
2020-07-13,3.2167,6.1147
2020-07-10,3.1249,6.0229
2020-07-09,3.1304,6.0284
2020-07-08,3.0569,5.9549
2020-07-07,3.0211,5.9191
2020-07-06,2.9775,5.8755
2020-07-03,2.8922,5.7902
2020-07-02,2.8777,5.7757
2020-07-01,2.8594,5.7574
2020-06-30,2.8117,5.7097
2020-06-29,2.7673,5.6653
2020-06-24,2.7657,5.6637
2020-06-23,2.7579,5.6559
2020-06-22,2.7124,5.6104
2020-06-19,2.7204,5.6184
2020-06-18,2.6800,5.5780
2020-06-17,2.6580,5.5560
2020-06-16,2.6512,5.5492
2020-06-15,2.5970,5.4950
2020-06-12,2.6195,5.5175
2020-06-11,2.6105,5.5085
2020-06-10,2.6352,5.5332
2020-06-09,2.6218,5.5198
2020-06-08,2.5962,5.4942
2020-06-05,2.5904,5.4884
2020-06-04,2.5873,5.4853
2020-06-03,2.5663,5.4643
2020-06-02,2.5630,5.4610
2020-06-01,2.5512,5.4492
2020-05-29,2.4814,5.3794
2020-05-28,2.4532,5.3512
2020-05-27,2.4552,5.3532
2020-05-26,2.4823,5.3803
2020-05-25,2.4340,5.3320
2020-05-22,2.4221,5.3201
2020-05-21,2.4823,5.3803
2020-05-20,2.4919,5.3899
2020-05-19,2.5236,5.4216
2020-05-18,2.4862,5.3842
2020-05-15,2.4657,5.3637
2020-05-14,2.4669,5.3649
2020-05-13,2.4917,5.3897
2020-05-12,2.4706,5.3686
2020-05-11,2.4555,5.3535
2020-05-08,2.4571,5.3551
2020-05-07,2.4309,5.3289
2020-05-06,2.4227,5.3207
2020-04-30,2.3989,5.2969
2020-04-29,2.3767,5.2747
2020-04-28,2.3824,5.2804
2020-04-27,2.3674,5.2654
2020-04-24,2.3470,5.2450
2020-04-23,2.3594,5.2574
2020-04-22,2.3642,5.2622
2020-04-21,2.3387,5.2367
2020-04-20,2.3580,5.2560
2020-04-17,2.3336,5.2316
2020-04-16,2.3165,5.2145
2020-04-15,2.3128,5.2108
2020-04-14,2.3391,5.2371
2020-04-13,2.2808,5.1788
2020-04-10,2.2777,5.1757
2020-04-09,2.3004,5.1984
2020-04-08,2.2769,5.1749
2020-04-07,2.2824,5.1804
2020-04-03,2.2203,5.1183
2020-04-02,2.2216,5.1196
2020-04-01,2.1778,5.0758
2020-03-31,2.1919,5.0899
2020-03-30,2.1766,5.0746
2020-03-27,2.2078,5.1058
2020-03-26,2.2084,5.1064
2020-03-25,2.2219,5.1199
2020-03-24,2.1622,5.0602
2020-03-23,2.1047,5.0027
2020-03-20,2.1835,5.0815
2020-03-19,2.1381,5.0361
2020-03-18,2.2595,5.0475
2020-03-17,2.2932,5.0812
2020-03-16,2.2848,5.0728
2020-03-13,2.4121,5.2001
2020-03-12,2.4443,5.2323
2020-03-11,2.5038,5.2918
2020-03-10,2.5451,5.3331
2020-03-09,2.4940,5.2820
2020-03-06,2.5979,5.3859
2020-03-05,2.6271,5.4151
2020-03-04,2.5892,5.3772
2020-03-03,2.5754,5.3634
2020-03-02,2.5514,5.3394
2020-02-28,2.4771,5.2651
2020-02-27,2.5820,5.3700
2020-02-26,2.5651,5.3531
2020-02-25,2.6533,5.4413
2020-02-24,2.6604,5.4484
2020-02-21,2.6347,5.4227
2020-02-20,2.6129,5.4009
2020-02-19,2.5647,5.3527
2020-02-18,2.5741,5.3621
2020-02-17,2.5611,5.3491
2020-02-14,2.4971,5.2851
2020-02-13,2.4791,5.2671
2020-02-12,2.4934,5.2814
2020-02-11,2.4658,5.2538
2020-02-10,2.4455,5.2335
2020-02-07,2.4248,5.2128
2020-02-06,2.4235,5.2115
2020-02-05,2.3685,5.1565
2020-02-04,2.3517,5.1397
2020-02-03,2.2643,5.0523
2020-01-23,2.4446,5.2326
2020-01-22,2.5325,5.3205
2020-01-21,2.5141,5.3021
2020-01-20,2.5477,5.3357
2020-01-17,2.5101,5.2981
2020-01-16,2.5080,5.2960
2020-01-15,2.4994,5.2874
2020-01-14,2.5001,5.2881
2020-01-13,2.5200,5.3080
2020-01-10,2.4920,5.2800
2020-01-09,2.4896,5.2776
2020-01-08,2.4549,5.2429
2020-01-07,2.4745,5.2625
2020-01-06,2.4304,5.2184
2020-01-03,2.4327,5.2207
2020-01-02,2.4381,5.2261
2019-12-31,2.4001,5.1881
2019-12-30,2.3840,5.1720
2019-12-27,2.3589,5.1469
2019-12-26,2.3620,5.1500
2019-12-25,2.3587,5.1467
2019-12-24,2.3478,5.1358
2019-12-23,2.3242,5.1122
2019-12-20,2.3430,5.1310
2019-12-19,2.3570,5.1450
2019-12-18,2.3619,5.1499
2019-12-17,2.3711,5.1591
2019-12-16,2.3513,5.1393
2019-12-13,2.3401,5.1281
2019-12-12,2.3135,5.1015
2019-12-11,2.3187,5.1067
2019-12-10,2.3201,5.1081
2019-12-09,2.3087,5.0967
2019-12-06,2.3081,5.0961
2019-12-05,2.2812,5.0692
2019-12-04,2.2626,5.0506
2019-12-03,2.2505,5.0385
2019-12-02,2.2331,5.0211
2019-11-29,2.2243,5.0123
2019-11-28,2.2481,5.0361
2019-11-27,2.2520,5.0400
2019-11-26,2.2630,5.0510
2019-11-25,2.2490,5.0370
2019-11-22,2.2444,5.0324
2019-11-21,2.2844,5.0724
2019-11-20,2.3003,5.0883
2019-11-19,2.3143,5.1023
2019-11-18,2.2841,5.0721
2019-11-15,2.2817,5.0697
2019-11-14,2.2911,5.0791
2019-11-13,2.2814,5.0694
2019-11-12,2.2651,5.0531
2019-11-11,2.2584,5.0464
2019-11-08,2.2982,5.0862
2019-11-07,2.3057,5.0937
2019-11-06,2.3008,5.0888
2019-11-05,2.3113,5.0993
2019-11-04,2.2946,5.0826
2019-11-01,2.2759,5.0639
2019-10-31,2.2374,5.0254
2019-10-30,2.2320,5.0200
2019-10-29,2.2433,5.0313
2019-10-28,2.2504,5.0384
2019-10-25,2.2314,5.0194
2019-10-24,2.2196,5.0076
2019-10-23,2.2257,5.0137
2019-10-22,2.2502,5.0382
2019-10-21,2.2299,5.0179
2019-10-18,2.2383,5.0263
2019-10-17,2.2667,5.0547
2019-10-16,2.2616,5.0496
2019-10-15,2.2689,5.0569
2019-10-14,2.2874,5.0754
2019-10-11,2.2744,5.0624
2019-10-10,2.2638,5.0518
2019-10-09,2.2276,5.0156
2019-10-08,2.2226,5.0106
2019-09-30,2.2218,5.0098
2019-09-27,2.2461,5.0341
2019-09-26,2.2311,5.0191
2019-09-25,2.2691,5.0571
2019-09-24,2.2918,5.0798
2019-09-23,2.2809,5.0689
2019-09-20,2.3123,5.1003
2019-09-19,2.2991,5.0871
2019-09-18,2.2903,5.0783
2019-09-17,2.2727,5.0607
2019-09-16,2.3004,5.0884
2019-09-12,2.3064,5.0944
2019-09-11,2.2831,5.0711
2019-09-10,2.3184,5.1064
2019-09-09,2.3335,5.1215
2019-09-06,2.2939,5.0819
2019-09-05,2.2874,5.0754
2019-09-04,2.2700,5.0580
2019-09-03,2.2575,5.0455
2019-09-02,2.2446,5.0326
2019-08-30,2.2133,5.0013
2019-08-29,2.2035,4.9915
2019-08-28,2.1967,4.9847
2019-08-27,2.2018,4.9898
2019-08-26,2.1670,4.9550
2019-08-23,2.1918,4.9798
2019-08-22,2.1750,4.9630
2019-08-21,2.1663,4.9543
2019-08-20,2.1688,4.9568
2019-08-19,2.1640,4.9520
2019-08-16,2.1059,4.8939
2019-08-15,2.0940,4.8820
2019-08-14,2.0831,4.8711
2019-08-13,2.0662,4.8542
2019-08-12,2.0804,4.8684
2019-08-09,2.0402,4.8282
2019-08-08,2.0502,4.8382
2019-08-07,2.0122,4.8002
2019-08-06,2.0241,4.8121
2019-08-05,2.0367,4.8247
2019-08-02,2.0792,4.8672
2019-08-01,2.0933,4.8813
2019-07-31,2.1076,4.8956
2019-07-30,2.1266,4.9146
2019-07-29,2.1199,4.9079
2019-07-26,2.1187,4.9067
2019-07-25,2.1086,4.8966
2019-07-24,2.0858,4.8738
2019-07-23,2.0563,4.8443
2019-07-22,2.0461,4.8341
2019-07-19,2.0557,4.8437
2019-07-18,2.0511,4.8391
2019-07-17,2.0774,4.8654
2019-07-16,2.0697,4.8577
2019-07-15,2.0911,4.8791
2019-07-12,2.0721,4.8601
2019-07-11,2.0677,4.8557
2019-07-10,2.0697,4.8577
2019-07-09,2.0761,4.8641
2019-07-08,2.0819,4.8699
2019-07-05,2.1278,4.9158
2019-07-04,2.0996,4.8876
2019-07-03,2.1265,4.9145
2019-07-02,2.1562,4.9442
2019-07-01,2.1349,4.9229
2019-06-30,2.0634,4.8514
2019-06-28,2.0636,4.8516
2019-06-27,2.0667,4.8547
2019-06-26,2.0319,4.8199
2019-06-25,2.0269,4.8149
2019-06-24,2.0419,4.8299
2019-06-21,2.0386,4.8266
2019-06-20,2.0265,4.8145
2019-06-19,1.9732,4.7612
2019-06-18,1.9449,4.7329
2019-06-17,1.9386,4.7266
2019-06-14,1.9432,4.7312
2019-06-13,1.9634,4.7514
2019-06-12,1.9638,4.7518
2019-06-11,1.9832,4.7712
2019-06-10,1.9197,4.7077
2019-06-06,1.8911,4.6791
2019-06-05,1.9102,4.6982
2019-06-04,1.9230,4.7110
2019-06-03,1.9445,4.7325
2019-05-31,1.9456,4.7336
2019-05-30,1.9476,4.7356
2019-05-29,1.9577,4.7457
2019-05-28,1.9565,4.7445
2019-05-27,1.9507,4.7387
2019-05-24,1.9219,4.7099
2019-05-23,1.9195,4.7075
2019-05-22,1.9693,4.7573
2019-05-21,1.9684,4.7564
2019-05-20,1.9407,4.7287
2019-05-17,1.9694,4.7574
2019-05-16,2.0223,4.8103
2019-05-15,2.0009,4.7889
2019-05-14,1.9567,4.7447
2019-05-13,1.9702,4.7582
2019-05-10,1.9837,4.7717
2019-05-09,1.9034,4.6914
2019-05-08,1.9427,4.7307
2019-05-07,1.9688,4.7568
2019-05-06,1.9490,4.7370
2019-04-30,2.0697,4.8577
2019-04-29,2.0605,4.8485
2019-04-26,2.0339,4.8219
2019-04-25,2.0464,4.8344
2019-04-24,2.0806,4.8686
2019-04-23,2.0724,4.8604
2019-04-22,2.0748,4.8628
2019-04-19,2.1138,4.9018
2019-04-18,2.0874,4.8754
2019-04-17,2.0945,4.8825
2019-04-16,2.0907,4.8787
2019-04-15,2.0537,4.8417
2019-04-12,2.0658,4.8538
2019-04-11,2.0782,4.8662
2019-04-10,2.1364,4.9244
2019-04-09,2.1238,4.9118
2019-04-08,2.1265,4.9145
2019-04-04,2.1158,4.9038
2019-04-03,2.1045,4.8925
2019-04-02,2.0927,4.8807
2019-04-01,2.0867,4.8747
2019-03-29,2.0259,4.8139
2019-03-28,1.9576,4.7456
2019-03-27,1.9753,4.7633
2019-03-26,1.9399,4.7279
2019-03-25,1.9638,4.7518
2019-03-22,1.9944,4.7824
2019-03-21,1.9825,4.7705
2019-03-20,1.9774,4.7654
2019-03-19,1.9858,4.7738
2019-03-18,1.9833,4.7713
2019-03-15,1.9284,4.7164
2019-03-14,1.8760,4.6640
2019-03-13,1.8971,4.6851
2019-03-12,1.9109,4.6989
2019-03-11,1.8878,4.6758
2019-03-08,1.8185,4.6065
2019-03-07,1.8587,4.6467
2019-03-06,1.8714,4.6594
2019-03-05,1.8743,4.6623
2019-03-04,1.8560,4.6440
2019-03-01,1.8306,4.6186
2019-02-28,1.8070,4.5950
2019-02-27,1.7679,4.5559
2019-02-26,1.7800,4.5680
2019-02-25,1.7961,4.5841
2019-02-22,1.7137,4.5017
2019-02-21,1.6818,4.4698
2019-02-20,1.6954,4.4834
2019-02-19,1.6971,4.4851
2019-02-18,1.7024,4.4904
2019-02-15,1.6466,4.4346
2019-02-14,1.6725,4.4605
2019-02-13,1.6645,4.4525
2019-02-12,1.6373,4.4253
2019-02-11,1.6174,4.4054
2019-02-01,1.5849,4.3729
2019-01-31,1.5501,4.3381
2019-01-30,1.5459,4.3339
2019-01-29,1.5565,4.3445
2019-01-28,1.5540,4.3420
2019-01-25,1.5562,4.3442
2019-01-24,1.5424,4.3304
2019-01-23,1.5331,4.3211
2019-01-22,1.5261,4.3141
2019-01-21,1.5437,4.3317
2019-01-18,1.5363,4.3243
2019-01-17,1.5184,4.3064
2019-01-16,1.5327,4.3207
2019-01-15,1.5256,4.3136
2019-01-14,1.4951,4.2831
2019-01-11,1.5087,4.2967
2019-01-10,1.4990,4.2870
2019-01-09,1.4995,4.2875
2019-01-08,1.4828,4.2708
2019-01-07,1.4853,4.2733
2019-01-04,1.4701,4.2581
2019-01-03,1.4360,4.2240
2019-01-02,1.4532,4.2412
2018-12-31,1.4801,4.2681
2018-12-28,1.4803,4.2683
2018-12-27,1.4768,4.2648
2018-12-26,1.4896,4.2776
2018-12-25,1.4993,4.2873
2018-12-24,1.5069,4.2949
2018-12-21,1.4876,4.2756
2018-12-20,1.5059,4.2939
2018-12-19,1.5129,4.3009
2018-12-18,1.5416,4.3296
2018-12-17,1.5548,4.3428
2018-12-14,1.5759,4.3639
2018-12-13,1.6014,4.3894
2018-12-12,1.5760,4.3640
2018-12-11,1.5778,4.3658
2018-12-10,1.5697,4.3577
2018-12-07,1.5838,4.3718
2018-12-06,1.5856,4.3736
2018-12-05,1.6222,4.4102
2018-12-04,1.6291,4.4171
2018-12-03,1.6242,4.4122
2018-11-30,1.5718,4.3598
2018-11-29,1.5577,4.3457
2018-11-28,1.5787,4.3667
2018-11-27,1.5595,4.3475
2018-11-26,1.5499,4.3379
2018-11-23,1.5599,4.3479
2018-11-22,1.5971,4.3851
2018-11-21,1.6032,4.3912
2018-11-20,1.5994,4.3874
2018-11-19,1.6413,4.4293
2018-11-16,1.6449,4.4329
2018-11-15,1.6393,4.4273
2018-11-14,1.6204,4.4084
2018-11-13,1.6370,4.4250
2018-11-12,1.6175,4.4055
2018-11-09,1.5865,4.3745
2018-11-08,1.5992,4.3872
2018-11-07,1.6146,4.4026
2018-11-06,1.6220,4.4100
2018-11-05,1.6300,4.4180
2018-11-02,1.6411,4.4291
2018-11-01,1.5760,4.3640
2018-10-31,1.5569,4.3449
2018-10-30,1.5276,4.3156
2018-10-29,1.5165,4.3045
2018-10-26,1.5657,4.3537
2018-10-25,1.5809,4.3689
2018-10-24,1.5964,4.3844
2018-10-23,1.6169,4.4049
2018-10-22,1.6565,4.4445
2018-10-19,1.5836,4.3716
2018-10-18,1.5320,4.3200
2018-10-17,1.5705,4.3585
2018-10-16,1.5667,4.3547
2018-10-15,1.5927,4.3807
2018-10-12,1.6177,4.4057
2018-10-11,1.5921,4.3801
2018-10-10,1.6853,4.4733
2018-10-09,1.6916,4.4796
2018-10-08,1.6948,4.4828
2018-09-28,1.7787,4.5667
2018-09-27,1.7617,4.5497
2018-09-26,1.7750,4.5630
2018-09-25,1.7559,4.5439
2018-09-21,1.7685,4.5565
2018-09-20,1.7270,4.5150
2018-09-19,1.7291,4.5171
2018-09-18,1.7027,4.4907
2018-09-17,1.6593,4.4473
2018-09-14,1.6855,4.4735
2018-09-13,1.6934,4.4814
2018-09-12,1.6851,4.4731
2018-09-11,1.7023,4.4903
2018-09-10,1.7073,4.4953
2018-09-07,1.7403,4.5283
2018-09-06,1.7445,4.5325
2018-09-05,1.7686,4.5566
2018-09-04,1.8079,4.5959
2018-09-03,1.7858,4.5738
2018-08-31,1.7865,4.5745
2018-08-30,1.8057,4.5937
2018-08-29,1.8261,4.6141
2018-08-28,1.8451,4.6331
2018-08-27,1.8382,4.6262
2018-08-24,1.7867,4.5747
2018-08-23,1.7841,4.5721
2018-08-22,1.7735,4.5615
2018-08-21,1.7864,4.5744
2018-08-20,1.7468,4.5348
2018-08-17,1.7406,4.5286
2018-08-16,1.7877,4.5757
2018-08-15,1.8103,4.5983
2018-08-14,1.8531,4.6411
2018-08-13,1.8573,4.6453
2018-08-10,1.8479,4.6359
2018-08-09,1.8382,4.6262
2018-08-08,1.7839,4.5719
2018-08-07,1.8230,4.6110
2018-08-06,1.7658,4.5538
2018-08-03,1.8150,4.6030
2018-08-02,1.8585,4.6465
2018-08-01,1.8852,4.6732
2018-07-31,1.9066,4.6946
2018-07-30,1.9155,4.7035
2018-07-27,1.9377,4.7257
2018-07-26,1.9492,4.7372
2018-07-25,1.9907,4.7787
2018-07-24,1.9810,4.7690
2018-07-23,1.9510,4.7390
2018-07-20,1.9846,4.7726
2018-07-19,1.9686,4.7566
2018-07-18,1.9784,4.7664
2018-07-17,1.9957,4.7837
2018-07-16,2.0035,4.7915
2018-07-13,2.0048,4.7928
2018-07-12,1.9648,4.7528
2018-07-11,1.9075,4.6955
2018-07-10,1.9309,4.7189
2018-07-09,1.9222,4.7102
2018-07-06,1.8787,4.6667
2018-07-05,1.8690,4.6570
2018-07-04,1.9046,4.6926
2018-07-03,1.9245,4.7125
2018-07-02,1.9198,4.7078
2018-06-30,1.9471,4.7351
2018-06-29,1.9472,4.7352
2018-06-28,1.8731,4.6611
2018-06-27,1.8804,4.6684
2018-06-26,1.9332,4.7212
2018-06-25,1.9364,4.7244
2018-06-22,1.9554,4.7434
2018-06-21,1.9399,4.7279
2018-06-20,1.9678,4.7558
2018-06-19,1.9345,4.7225
2018-06-15,2.0220,4.8100
2018-06-14,2.0545,4.8425
2018-06-13,2.0683,4.8563
2018-06-12,2.0937,4.8817
2018-06-11,2.0544,4.8424
2018-06-08,2.0848,4.8728
2018-06-07,2.0922,4.8802
2018-06-06,2.1115,4.8995
2018-06-05,2.0980,4.8860
2018-06-04,2.0500,4.8380
2018-06-01,2.0327,4.8207
2018-05-31,2.0705,4.8585
2018-05-30,2.0301,4.8181
2018-05-29,2.0534,4.8414
2018-05-28,2.1077,4.8957
2018-05-25,2.1052,4.8932
2018-05-24,2.1201,4.9081
2018-05-23,2.1248,4.9128
2018-05-22,2.1523,4.9403
2018-05-21,2.1419,4.9299
2018-05-18,2.1134,4.9014
2018-05-17,2.1007,4.8887
2018-05-16,2.1248,4.9128
2018-05-15,2.1316,4.9196
2018-05-14,2.0927,4.8807
2018-05-11,2.0871,4.8751
2018-05-10,2.1127,4.9007
2018-05-09,2.0986,4.8866
2018-05-08,2.0992,4.8872
2018-05-07,2.0866,4.8746
2018-05-04,2.0535,4.8415
2018-05-03,2.0496,4.8376
2018-05-02,2.0253,4.8133
2018-04-27,2.0121,4.8001
2018-04-26,2.0054,4.7934
2018-04-25,2.0569,4.8449
2018-04-24,2.0374,4.8254
2018-04-23,1.9714,4.7594
2018-04-20,1.9956,4.7836
2018-04-19,2.0321,4.8201
2018-04-18,2.0172,4.8052
2018-04-17,2.0033,4.7913
2018-04-16,2.0457,4.8337
2018-04-13,2.0420,4.8300
2018-04-12,2.0605,4.8485
2018-04-11,2.0679,4.8559
2018-04-10,2.0514,4.8394
2018-04-09,2.0203,4.8083
2018-04-04,2.0191,4.8071
2018-04-03,2.0374,4.8254
2018-04-02,2.0580,4.8460
2018-03-30,2.1562,4.8442
2018-03-29,2.1213,4.8093
2018-03-28,2.1125,4.8005
2018-03-27,2.1354,4.8234
2018-03-26,2.1016,4.7896
2018-03-23,2.0704,4.7584
2018-03-22,2.1532,4.8412
2018-03-21,2.1772,4.8652
2018-03-20,2.2045,4.8925
2018-03-19,2.1830,4.8710
2018-03-16,2.1693,4.8573
2018-03-15,2.1990,4.8870
2018-03-14,2.1904,4.8784
2018-03-13,2.2102,4.8982
2018-03-12,2.2244,4.9124
2018-03-09,2.1942,4.8822
2018-03-08,2.1607,4.8487
2018-03-07,2.1393,4.8273
2018-03-06,2.1564,4.8444
2018-03-05,2.1264,4.8144
2018-03-02,2.1261,4.8141
2018-03-01,2.1449,4.8329
2018-02-28,2.1226,4.8106
2018-02-27,2.1285,4.8165
2018-02-26,2.1371,4.8251
2018-02-23,2.0884,4.7764
2018-02-22,2.0943,4.7823
2018-02-14,2.0470,4.7350
2018-02-13,2.0346,4.7226
2018-02-12,2.0140,4.7020
2018-02-09,1.9436,4.6316
2018-02-08,1.9927,4.6807
2018-02-07,1.9602,4.6482
2018-02-06,1.9896,4.6776
2018-02-05,2.0765,4.7645
2018-02-02,2.1153,4.8033
2018-02-01,2.0945,4.7825
2018-01-31,2.1277,4.8157
2018-01-30,2.1413,4.8293
2018-01-29,2.1449,4.8329
2018-01-26,2.1853,4.8733
2018-01-25,2.1852,4.8732
2018-01-24,2.2012,4.8892
2018-01-23,2.2047,4.8927
2018-01-22,2.1847,4.8727
2018-01-19,2.1306,4.8186
2018-01-18,2.1438,4.8318
2018-01-17,2.1443,4.8323
2018-01-16,2.1593,4.8473
2018-01-15,2.1545,4.8425
2018-01-12,2.1815,4.8695
2018-01-11,2.1720,4.8600
2018-01-10,2.1777,4.8657
2018-01-09,2.1789,4.8669
2018-01-08,2.1626,4.8506
2018-01-05,2.1758,4.8638
2018-01-04,2.1775,4.8655
2018-01-03,2.1673,4.8553
2018-01-02,2.1506,4.8386
2017-12-31,2.1249,4.8129
2017-12-29,2.1251,4.8131
2017-12-28,2.1027,4.7907
2017-12-27,2.0868,4.7748
2017-12-26,2.1239,4.8119
2017-12-25,2.1364,4.8244
2017-12-22,2.1528,4.8408
2017-12-21,2.1567,4.8447
2017-12-20,2.1382,4.8262
2017-12-19,2.1332,4.8212
2017-12-18,2.1062,4.7942
2017-12-15,2.1194,4.8074
2017-12-14,2.1448,4.8328
2017-12-13,2.1407,4.8287
2017-12-12,2.1226,4.8106
2017-12-11,2.1289,4.8169
2017-12-08,2.0749,4.7629
2017-12-07,2.0467,4.7347
2017-12-06,2.0682,4.7562
2017-12-05,2.0614,4.7494
2017-12-04,2.1016,4.7896
2017-12-01,2.1027,4.7907
2017-11-30,2.0741,4.7621
2017-11-29,2.0950,4.7830
2017-11-28,2.1008,4.7888
2017-11-27,2.0669,4.7549
2017-11-24,2.1056,4.7936
2017-11-23,2.1213,4.8093
2017-11-22,2.1950,4.8830
2017-11-21,2.2149,4.9029
2017-11-20,2.1826,4.8706
2017-11-17,2.1514,4.8394
2017-11-16,2.1915,4.8795
2017-11-15,2.1585,4.8465
2017-11-14,2.1719,4.8599
2017-11-13,2.2023,4.8903
2017-11-10,2.1877,4.8757
2017-11-09,2.1466,4.8346
2017-11-08,2.1285,4.8165
2017-11-07,2.1415,4.8295
2017-11-06,2.1356,4.8236
2017-11-03,2.0943,4.7823
2017-11-02,2.0979,4.7859
2017-11-01,2.1075,4.7955
2017-10-31,2.1169,4.8049
2017-10-30,2.1141,4.8021
2017-10-27,2.1386,4.8266
2017-10-26,2.1208,4.8088
2017-10-25,2.1188,4.8068
2017-10-24,2.1011,4.7891
2017-10-23,2.0974,4.7854
2017-10-20,2.0750,4.7630
2017-10-19,2.0791,4.7671
2017-10-18,2.0836,4.7716
2017-10-17,2.0836,4.7716
2017-10-16,2.0704,4.7584
2017-10-13,2.0672,4.7552
2017-10-12,2.0592,4.7472
2017-10-11,2.0602,4.7482
2017-10-10,2.0400,4.7280
2017-10-09,2.0353,4.7233
2017-09-29,2.0120,4.7000
2017-09-28,1.9940,4.6820
2017-09-27,1.9807,4.6687
2017-09-26,1.9729,4.6609
2017-09-25,1.9816,4.6696
2017-09-22,1.9825,4.6705
2017-09-21,1.9831,4.6711
2017-09-20,1.9944,4.6824
2017-09-19,1.9718,4.6598
2017-09-18,1.9800,4.6680
2017-09-15,1.9622,4.6502
2017-09-14,1.9575,4.6455
2017-09-13,1.9645,4.6525
2017-09-12,1.9499,4.6379
2017-09-11,1.9645,4.6525
2017-09-08,1.9475,4.6355
2017-09-07,1.9448,4.6328
2017-09-06,1.9526,4.6406
2017-09-05,1.9522,4.6402
2017-09-04,1.9358,4.6238
2017-09-01,1.9188,4.6068
2017-08-31,1.8974,4.5854
2017-08-30,1.8868,4.5748
2017-08-29,1.8805,4.5685
2017-08-28,1.8815,4.5695
2017-08-25,1.8678,4.5558
2017-08-24,1.8606,4.5486
2017-08-23,1.8709,4.5589
2017-08-22,1.8845,4.5725
2017-08-21,1.8864,4.5744
2017-08-18,1.8746,4.5626
2017-08-17,1.8708,4.5588
2017-08-16,1.8660,4.5540
2017-08-15,1.8644,4.5524
2017-08-14,1.8592,4.5472
2017-08-11,1.8154,4.5034
2017-08-10,1.8337,4.5217
2017-08-09,1.8381,4.5261
2017-08-08,1.8257,4.5137
2017-08-07,1.8288,4.5168
2017-08-04,1.8127,4.5007
2017-08-03,1.8200,4.5080
2017-08-02,1.8271,4.5151
2017-08-01,1.8347,4.5227
2017-07-31,1.8369,4.5249
2017-07-28,1.8396,4.5276
2017-07-27,1.8302,4.5182
2017-07-26,1.8214,4.5094
2017-07-25,1.8432,4.5312
2017-07-24,1.8478,4.5358
2017-07-21,1.8401,4.5281
2017-07-20,1.8384,4.5264
2017-07-19,1.8247,4.5127
2017-07-18,1.8102,4.4982
2017-07-17,1.8034,4.4914
2017-07-14,1.8407,4.5287
2017-07-13,1.8512,4.5392
2017-07-12,1.8516,4.5396
2017-07-11,1.8619,4.5499
2017-07-10,1.8693,4.5573
2017-07-07,1.8863,4.5743
2017-07-06,1.8935,4.5815
2017-07-05,1.8839,4.5719
2017-07-04,1.8703,4.5583
2017-07-03,1.8847,4.5727
2017-06-30,1.8873,4.5753
2017-06-29,1.8769,4.5649
2017-06-28,1.8710,4.5590
2017-06-27,1.8899,4.5779
2017-06-26,1.8880,4.5760
2017-06-23,1.8542,4.5422
2017-06-22,1.8385,4.5265
2017-06-21,1.8578,4.5458
2017-06-20,1.8351,4.5231
2017-06-19,1.8385,4.5265
2017-06-16,1.8297,4.5177
2017-06-15,1.8232,4.5112
2017-06-14,1.8155,4.5035
2017-06-13,1.8262,4.5142
2017-06-12,1.8172,4.5052
2017-06-09,1.8196,4.5076
2017-06-08,1.8138,4.5018
2017-06-07,1.7994,4.4874
2017-06-06,1.7648,4.4528
2017-06-05,1.7474,4.4354
2017-06-02,1.7412,4.4292
2017-06-01,1.7379,4.4259
2017-05-31,1.7495,4.4375
2017-05-26,1.7504,4.4384
2017-05-25,1.7497,4.4377
2017-05-24,1.7450,4.4330
2017-05-23,1.7508,4.4388
2017-05-22,1.7549,4.4429
2017-05-19,1.7599,4.4479
2017-05-18,1.7630,4.4510
2017-05-17,1.7747,4.4627
2017-05-16,1.7870,4.4750
2017-05-15,1.7522,4.4402
2017-05-12,1.7369,4.4249
2017-05-11,1.7310,4.4190
2017-05-10,1.7207,4.4087
2017-05-09,1.7317,4.4197
2017-05-08,1.7247,4.4127
2017-05-05,1.7470,4.4350
2017-05-04,1.7677,4.4557
2017-05-03,1.7750,4.4630
2017-05-02,1.7761,4.4641
2017-04-28,1.7717,4.4597
2017-04-27,1.7753,4.4633
2017-04-26,1.7696,4.4576
2017-04-25,1.7759,4.4639
2017-04-24,1.7571,4.4451
2017-04-21,1.7921,4.4801
2017-04-20,1.8012,4.4892
2017-04-19,1.7803,4.4683
2017-04-18,1.7833,4.4713
2017-04-17,1.7640,4.4520
2017-04-14,1.7638,4.4518
2017-04-13,1.7835,4.4715
2017-04-12,1.7726,4.4606
2017-04-11,1.7754,4.4634
2017-04-10,1.7838,4.4718
2017-04-07,1.7975,4.4855
2017-04-06,1.7970,4.4850
2017-04-05,1.7959,4.4839
2017-03-31,1.7690,4.4570
2017-03-30,1.7516,4.4396
2017-03-29,1.7659,4.4539
2017-03-28,1.7627,4.4507
2017-03-27,1.7637,4.4517
2017-03-24,1.7910,4.4790
2017-03-23,1.7914,4.4794
2017-03-22,1.7775,4.4655
2017-03-21,1.7708,4.4588
2017-03-20,1.7503,4.4383
2017-03-17,1.7396,4.4276
2017-03-16,1.7483,4.4363
2017-03-15,1.7469,4.4349
2017-03-14,1.7462,4.4342
2017-03-13,1.7619,4.4499
2017-03-10,1.7413,4.4293
2017-03-09,1.7334,4.4214
2017-03-08,1.7459,4.4339
2017-03-07,1.7429,4.4309
2017-03-06,1.7265,4.4145
2017-03-03,1.7062,4.3942
2017-03-02,1.6974,4.3854
2017-03-01,1.7045,4.3925
2017-02-28,1.7025,4.3905
2017-02-27,1.6971,4.3851
2017-02-24,1.7065,4.3945
2017-02-23,1.7068,4.3948
2017-02-22,1.7104,4.3984
2017-02-21,1.7016,4.3896
2017-02-20,1.6920,4.3800
2017-02-17,1.6623,4.3503
2017-02-16,1.6673,4.3553
2017-02-15,1.6565,4.3445
2017-02-14,1.6653,4.3533
2017-02-13,1.6686,4.3566
2017-02-10,1.6540,4.3420
2017-02-09,1.6545,4.3425
2017-02-08,1.6499,4.3379
2017-02-07,1.6387,4.3267
2017-02-06,1.6480,4.3360
2017-02-03,1.6438,4.3318
2017-01-26,1.6487,4.3367
2017-01-25,1.6435,4.3315
2017-01-24,1.6366,4.3246
2017-01-23,1.6393,4.3273
2017-01-20,1.6347,4.3227
2017-01-19,1.6186,4.3066
2017-01-18,1.6198,4.3078
2017-01-17,1.6165,4.3045
2017-01-16,1.6041,4.2921
2017-01-13,1.6360,4.3240
2017-01-12,1.6539,4.3419
2017-01-11,1.6701,4.3581
2017-01-10,1.6867,4.3747
2017-01-09,1.6913,4.3793
2017-01-06,1.6895,4.3775
2017-01-05,1.6999,4.3879
2017-01-04,1.7033,4.3913
2017-01-03,1.6777,4.3657
2016-12-31,1.6630,4.3510
2016-12-30,1.6631,4.3511
2016-12-29,1.6563,4.3443
2016-12-28,1.6596,4.3476
2016-12-27,1.6700,4.3580
2016-12-26,1.6708,4.3588
2016-12-23,1.6712,4.3592
2016-12-22,1.6845,4.3725
2016-12-21,1.6874,4.3754
2016-12-20,1.6758,4.3638
2016-12-19,1.6814,4.3694
2016-12-16,1.6803,4.3683
2016-12-15,1.6712,4.3592
2016-12-14,1.6689,4.3569
2016-12-13,1.6799,4.3679
2016-12-12,1.6702,4.3582
2016-12-09,1.7302,4.4182
2016-12-08,1.7370,4.4250
2016-12-07,1.7401,4.4281
2016-12-06,1.7300,4.4180
2016-12-05,1.7243,4.4123
2016-12-02,1.7272,4.4152
2016-12-01,1.7499,4.4379
2016-11-30,1.7419,4.4299
2016-11-29,1.7481,4.4361
2016-11-28,1.7340,4.4220
2016-11-25,1.7340,4.4220
2016-11-24,1.7292,4.4172
2016-11-23,1.7253,4.4133
2016-11-22,1.7234,4.4114
2016-11-21,1.7184,4.4064
2016-11-18,1.7213,4.4093
2016-11-17,1.7262,4.4142
2016-11-16,1.7251,4.4131
2016-11-15,1.7255,4.4135
2016-11-14,1.7158,4.4038
2016-11-11,1.7161,4.4041
2016-11-10,1.7207,4.4087
2016-11-09,1.7079,4.3959
2016-11-08,1.7132,4.4012
2016-11-07,1.7069,4.3949
2016-11-04,1.7142,4.4022
2016-11-03,1.7230,4.4110
2016-11-02,1.7211,4.4091
2016-11-01,1.7295,4.4175
2016-10-31,1.7151,4.4031
2016-10-28,1.7226,4.4106
2016-10-27,1.7286,4.4166
2016-10-26,1.7276,4.4156
2016-10-25,1.7297,4.4177
2016-10-24,1.7270,4.4150
2016-10-21,1.7161,4.4041
2016-10-20,1.7224,4.4104
2016-10-19,1.7158,4.4038
2016-10-18,1.7245,4.4125
2016-10-17,1.7060,4.3940
2016-10-14,1.7162,4.4042
2016-10-13,1.7215,4.4095
2016-10-12,1.7262,4.4142
2016-10-11,1.7247,4.4127
2016-10-10,1.7214,4.4094
2016-09-30,1.6998,4.3878
2016-09-29,1.6938,4.3818
2016-09-28,1.6885,4.3765
2016-09-27,1.6843,4.3723
2016-09-26,1.6749,4.3629
2016-09-23,1.6945,4.3825
2016-09-22,1.6954,4.3834
2016-09-21,1.6888,4.3768
2016-09-20,1.6851,4.3731
2016-09-19,1.6864,4.3744
2016-09-14,1.6689,4.3569
2016-09-13,1.6777,4.3657
2016-09-12,1.6689,4.3569
2016-09-09,1.7034,4.3914
2016-09-08,1.7151,4.4031
2016-09-07,1.7121,4.4001
2016-09-06,1.7132,4.4012
2016-09-05,1.6960,4.3840
2016-09-02,1.6900,4.3780
2016-09-01,1.6943,4.3823
2016-08-31,1.7087,4.3967
2016-08-30,1.7085,4.3965
2016-08-29,1.7098,4.3978
2016-08-26,1.7105,4.3985
2016-08-25,1.7065,4.3945
2016-08-24,1.7190,4.4070
2016-08-23,1.7264,4.4144
2016-08-22,1.7238,4.4118
2016-08-19,1.7381,4.4261
2016-08-18,1.7389,4.4269
2016-08-17,1.7450,4.4330
2016-08-16,1.7318,4.4198
2016-08-15,1.7325,4.4205
2016-08-12,1.7030,4.3910
2016-08-11,1.6948,4.3828
2016-08-10,1.7081,4.3961
2016-08-09,1.7182,4.4062
2016-08-08,1.6939,4.3819
2016-08-05,1.6817,4.3697
2016-08-04,1.6886,4.3766
2016-08-03,1.6796,4.3676
2016-08-02,1.6771,4.3651
2016-08-01,1.6667,4.3547
2016-07-29,1.7021,4.3901
2016-07-28,1.7079,4.3959
2016-07-27,1.6965,4.3845
2016-07-26,1.7548,4.4428
2016-07-25,1.7268,4.4148
2016-07-22,1.7215,4.4095
2016-07-21,1.7391,4.4271
2016-07-20,1.7385,4.4265
2016-07-19,1.7391,4.4271
2016-07-18,1.7476,4.4356
2016-07-15,1.7556,4.4436
2016-07-14,1.7591,4.4471
2016-07-13,1.7525,4.4405
2016-07-12,1.7547,4.4427
2016-07-11,1.7345,4.4225
2016-07-08,1.7279,4.4159
2016-07-07,1.7285,4.4165
2016-07-06,1.7331,4.4211
2016-07-05,1.7176,4.4056
2016-07-04,1.7120,4.4000
2016-07-01,1.6865,4.3745
2016-06-30,1.6950,4.3830
2016-06-29,1.6914,4.3794
2016-06-28,1.6918,4.3798
2016-06-27,1.6848,4.3728
2016-06-24,1.6408,4.3288
2016-06-23,1.6492,4.3372
2016-06-22,1.6644,4.3524
2016-06-21,1.6457,4.3337
2016-06-20,1.6700,4.3580
2016-06-17,1.6550,4.3430
2016-06-16,1.6444,4.3324
2016-06-15,1.6432,4.3312
2016-06-14,1.5961,4.2841
2016-06-13,1.5725,4.2605
2016-06-08,1.6439,4.3319
2016-06-07,1.6369,4.3249
2016-06-06,1.6327,4.3207
2016-06-03,1.6327,4.3207
2016-06-02,1.6121,4.3001
2016-06-01,1.6028,4.2908
2016-05-31,1.5911,4.2791
2016-05-30,1.5260,4.2140
2016-05-27,1.5371,4.2251
2016-05-26,1.5414,4.2294
2016-05-25,1.5321,4.2201
2016-05-24,1.5467,4.2347
2016-05-23,1.5693,4.2573
2016-05-20,1.5460,4.2340
2016-05-19,1.5292,4.2172
2016-05-18,1.5091,4.1971
2016-05-17,1.5493,4.2373
2016-05-16,1.5688,4.2568
2016-05-13,1.5432,4.2312
2016-05-12,1.5419,4.2299
2016-05-11,1.5281,4.2161
2016-05-10,1.5299,4.2179
2016-05-09,1.5289,4.2169
2016-05-06,1.5689,4.2569
2016-05-05,1.6257,4.3137
2016-05-04,1.6214,4.3094
2016-05-03,1.6159,4.3039
2016-04-29,1.5602,4.2482
2016-04-28,1.5541,4.2421
2016-04-27,1.5562,4.2442
2016-04-26,1.5589,4.2469
2016-04-25,1.5403,4.2283
2016-04-22,1.5470,4.2350
2016-04-21,1.5313,4.2193
2016-04-20,1.5504,4.2384
2016-04-19,1.6010,4.2890
2016-04-18,1.5984,4.2864
2016-04-15,1.6182,4.3062
2016-04-14,1.6105,4.2985
2016-04-13,1.6027,4.2907
2016-04-12,1.5905,4.2785
2016-04-11,1.6110,4.2990
2016-04-08,1.5891,4.2771
2016-04-07,1.6053,4.2933
2016-04-06,1.6234,4.3114
2016-04-05,1.6104,4.2984
2016-04-01,1.5711,4.2591
2016-03-31,1.5843,4.2723
2016-03-30,1.5798,4.2678
2016-03-29,1.5294,4.2174
2016-03-28,1.5585,4.2465
2016-03-25,1.5640,4.2520
2016-03-24,1.5552,4.2432
2016-03-23,1.5689,4.2569
2016-03-22,1.5618,4.2498
2016-03-21,1.5574,4.2454
2016-03-18,1.5290,4.2170
2016-03-17,1.4706,4.1586
2016-03-16,1.4224,4.1104
2016-03-15,1.4297,4.1177
2016-03-14,1.4380,4.1260
2016-03-11,1.3891,4.0771
2016-03-10,1.3918,4.0798
2016-03-09,1.4158,4.1038
2016-03-08,1.4370,4.1250
2016-03-07,1.4301,4.1181
2016-03-04,1.4098,4.0978
2016-03-03,1.4469,4.1349
2016-03-02,1.4510,4.1390
2016-03-01,1.3936,4.0816
2016-02-29,1.3628,4.0508
2016-02-26,1.4398,4.1278
2016-02-25,1.4425,4.1305
2016-02-24,1.5603,4.2483
2016-02-23,1.5698,4.2578
2016-02-22,2.2351,4.2731
2016-02-19,2.2048,4.2428
2016-02-18,2.2123,4.2503
2016-02-17,2.2091,4.2471
2016-02-16,2.1983,4.2363
2016-02-15,2.1214,4.1594
2016-02-05,2.1115,4.1495
2016-02-04,2.1340,4.1720
2016-02-03,2.0958,4.1338
2016-02-02,2.0950,4.1330
2016-02-01,2.0254,4.0634
2016-01-29,2.0339,4.0719
2016-01-28,1.9591,3.9971
2016-01-27,2.0355,4.0735
2016-01-26,2.0654,4.1034
2016-01-25,2.2132,4.2512
2016-01-22,2.1883,4.2263
2016-01-21,2.1611,4.1991
2016-01-20,2.2454,4.2834
2016-01-19,2.2865,4.3245
2016-01-18,2.2055,4.2435
2016-01-15,2.1667,4.2047
2016-01-14,2.2396,4.2776
2016-01-13,2.1600,4.1980
2016-01-12,2.2274,4.2654
2016-01-11,2.2085,4.2465
2016-01-08,2.3591,4.3971
2016-01-07,2.3359,4.3739
2016-01-06,2.5377,4.5757
2016-01-05,2.4991,4.5371
2016-01-04,2.5560,4.5940
2015-12-31,2.7760,4.8140
2015-12-30,2.8055,4.8435
2015-12-29,2.7688,4.8068
2015-12-28,2.7513,4.7893
2015-12-25,2.8009,4.8389
2015-12-24,2.7762,4.8142
2015-12-23,2.7802,4.8182
2015-12-22,2.7937,4.8317
2015-12-21,2.7752,4.8132
2015-12-18,2.7223,4.7603
2015-12-17,2.7407,4.7787
2015-12-16,2.6692,4.7072
2015-12-15,2.6520,4.6900
2015-12-14,2.6308,4.6688
2015-12-11,2.5945,4.6325
2015-12-10,2.5962,4.6342
2015-12-09,2.6080,4.6460
2015-12-08,2.6116,4.6496
2015-12-07,2.6518,4.6898
2015-12-04,2.6310,4.6690
2015-12-03,2.6227,4.6607
2015-12-02,2.5718,4.6098
2015-12-01,2.5621,4.6001
2015-11-30,2.5287,4.5667
2015-11-27,2.5056,4.5436
2015-11-26,2.6584,4.6964
2015-11-25,2.6693,4.7073
2015-11-24,2.6183,4.6563
2015-11-23,2.6127,4.6507
2015-11-20,2.6450,4.6830
2015-11-19,2.6088,4.6468
2015-11-18,2.5520,4.5900
2015-11-17,2.5783,4.6163
2015-11-16,2.5881,4.6261
2015-11-13,2.5603,4.5983
2015-11-12,2.6221,4.6601
2015-11-11,2.6303,4.6683
2015-11-10,2.5983,4.6363
2015-11-09,2.5901,4.6281
2015-11-06,2.5464,4.5844
2015-11-05,2.4795,4.5175
2015-11-04,2.4651,4.5031
2015-11-03,2.3392,4.3772
2015-11-02,2.3494,4.3874
2015-10-30,2.3928,4.4308
2015-10-29,2.3816,4.4196
2015-10-28,2.3696,4.4076
2015-10-27,2.4379,4.4759
2015-10-26,2.4352,4.4732
2015-10-23,2.4279,4.4659
2015-10-22,2.3771,4.4151
2015-10-21,2.3041,4.3421
2015-10-20,2.4578,4.4958
2015-10-19,2.4012,4.4392
2015-10-16,2.4358,4.4738
2015-10-15,2.4015,4.4395
2015-10-14,2.3248,4.3628
2015-10-13,2.3701,4.4081
2015-10-12,2.3292,4.3672
2015-10-09,2.2333,4.2713
2015-10-08,2.1870,4.2250
2015-09-30,2.1022,4.1402
2015-09-29,2.1052,4.1432
2015-09-28,2.1351,4.1731
2015-09-25,2.0673,4.1053
2015-09-24,2.1251,4.1631
2015-09-23,2.1061,4.1441
2015-09-22,2.1266,4.1646
2015-09-21,2.1211,4.1591
2015-09-18,2.0334,4.0714
2015-09-17,1.9940,4.0320
2015-09-16,2.0072,4.0452
2015-09-15,1.8692,3.9072
2015-09-14,1.9631,4.0011
2015-09-11,2.1025,4.1405
2015-09-10,2.0867,4.1247
2015-09-09,2.1154,4.1534
2015-09-08,2.0409,4.0789
2015-09-07,1.9277,3.9657
2015-09-02,1.9106,3.9486
2015-09-01,1.9370,3.9750
2015-08-31,2.0592,4.0972
2015-08-28,2.1385,4.1765
2015-08-27,2.0152,4.0532
2015-08-26,1.9199,3.9579
2015-08-25,1.9454,3.9834
2015-08-24,2.1047,4.1427
2015-08-21,2.3072,4.3452
2015-08-20,2.4446,4.4826
2015-08-19,2.5252,4.5632
2015-08-18,2.4658,4.5038
2015-08-17,2.6609,4.6989
2015-08-14,2.6553,4.6933
2015-08-13,2.6537,4.6917
2015-08-12,2.6205,4.6585
2015-08-11,2.6625,4.7005
2015-08-10,2.6186,4.6566
2015-08-07,2.4812,4.5192
2015-08-06,2.3987,4.4367
2015-08-05,2.4031,4.4411
2015-08-04,2.4191,4.4571
2015-08-03,2.2932,4.3312
2015-07-31,2.3768,4.4148
2015-07-30,2.3918,4.4298
2015-07-29,2.4895,4.5275
2015-07-28,2.4012,4.4392
2015-07-27,2.4813,4.5193
2015-07-24,2.7014,4.7394
2015-07-23,2.7208,4.7588
2015-07-22,2.6250,4.6630
2015-07-21,2.5996,4.6376
2015-07-20,2.5478,4.5858
2015-07-17,2.5102,4.5482
2015-07-16,2.3858,4.4238
2015-07-15,2.3764,4.4144
2015-07-14,2.5116,4.5496
2015-07-13,2.4591,4.4971
2015-07-10,2.3322,4.3702
2015-07-09,2.2247,4.2627
2015-07-08,2.1410,4.1790
2015-07-07,2.2246,4.2626
2015-07-06,2.3475,4.3855
2015-07-03,2.4035,4.4415
2015-07-02,2.5312,4.5692
2015-07-01,2.6901,4.7281
2015-06-30,2.7840,4.8220
2015-06-29,2.6435,4.6815
2015-06-26,2.8060,4.8440
2015-06-25,3.0270,5.0650
2015-06-24,3.1084,5.1464
2015-06-23,3.0595,5.0975
2015-06-19,3.0089,5.0469
2015-06-18,3.1704,5.2084
2015-06-17,3.2776,5.3156
2015-06-16,3.2410,5.2790
2015-06-15,3.3468,5.3848
2015-06-12,3.4570,5.4950
2015-06-11,3.3857,5.4237
2015-06-10,3.3620,5.4000
2015-06-09,3.3170,5.3550
2015-06-08,3.3062,5.3442
2015-06-05,3.3309,5.3689
2015-06-04,3.3351,5.3731
2015-06-03,3.3181,5.3561
2015-06-02,3.3083,5.3463
2015-06-01,3.2245,5.2625
2015-05-29,3.0929,5.1309
2015-05-28,3.0543,5.0923
2015-05-27,3.2322,5.2702
2015-05-26,3.2166,5.2546
2015-05-25,3.1275,5.1655
2015-05-22,3.0732,5.1112
2015-05-21,3.0543,5.0923
2015-05-20,2.9601,4.9981
2015-05-19,2.8909,4.9289
2015-05-18,2.8311,4.8691
2015-05-15,2.7802,4.8182
2015-05-14,2.8053,4.8433
2015-05-13,2.8048,4.8428
2015-05-12,2.7878,4.8258
2015-05-11,2.7466,4.7846
2015-05-08,2.6571,4.6951
2015-05-07,2.5705,4.6085
2015-05-06,2.5758,4.6138
2015-05-05,2.5788,4.6168
2015-05-04,2.6703,4.7083
2015-04-30,2.6824,4.7204
2015-04-29,2.6422,4.6802
2015-04-28,2.5755,4.6135
2015-04-27,2.6419,4.6799
2015-04-24,2.6163,4.6543
2015-04-23,2.6398,4.6778
2015-04-22,2.6311,4.6691
2015-04-21,2.5757,4.6137
2015-04-20,2.4792,4.5172
2015-04-17,2.5416,4.5796
2015-04-16,2.5585,4.5965
2015-04-15,2.5083,4.5463
2015-04-14,2.6147,4.6527
2015-04-13,2.6420,4.6800
2015-04-10,2.5981,4.6361
2015-04-09,2.5343,4.5723
2015-04-08,2.5009,4.5389
2015-04-07,2.5192,4.5572
2015-04-03,2.4711,4.5091
2015-04-02,2.4374,4.4754
2015-04-01,2.4093,4.4473
2015-03-31,2.3519,4.3899
2015-03-30,2.3398,4.3778
2015-03-27,2.3286,4.3666
2015-03-26,2.2776,4.3156
2015-03-25,2.3097,4.3477
2015-03-24,2.3122,4.3502
2015-03-23,2.2791,4.3171
2015-03-20,2.2099,4.2479
2015-03-19,2.1639,4.2019
2015-03-18,2.1587,4.1967
2015-03-17,2.1201,4.1581
2015-03-16,2.1050,4.1430
2015-03-13,2.0317,4.0697
2015-03-12,2.0037,4.0417
2015-03-11,2.0180,4.0560
2015-03-10,2.0174,4.0554
2015-03-09,1.9729,4.0109
2015-03-06,1.9466,3.9846
2015-03-05,1.9765,4.0145
2015-03-04,1.9774,4.0154
2015-03-03,1.9568,3.9948
2015-03-02,1.9902,4.0282
2015-02-27,1.9476,3.9856
2015-02-26,1.9389,3.9769
2015-02-25,1.9226,3.9606
2015-02-17,1.9618,3.9998
2015-02-16,1.9462,3.9842
2015-02-13,1.9148,3.9528
2015-02-12,1.8953,3.9333
2015-02-11,1.8812,3.9192
2015-02-10,1.8364,3.8744
2015-02-09,1.8118,3.8498
2015-02-06,1.8214,3.8594
2015-02-05,1.8439,3.8819
2015-02-04,1.8394,3.8774
2015-02-03,1.8507,3.8887
2015-02-02,1.8008,3.8388
2015-01-30,1.8115,3.8495
2015-01-29,1.8438,3.8818
2015-01-28,1.8729,3.9109
2015-01-27,1.8919,3.9299
2015-01-26,1.8864,3.9244
2015-01-23,1.8413,3.8793
2015-01-22,1.8705,3.9085
2015-01-21,1.8469,3.8849
2015-01-20,1.9459,3.8439
2015-01-19,1.8685,3.7665
2015-01-16,1.9326,3.8306
2015-01-15,1.8805,3.7785
2015-01-14,1.8795,3.7775
2015-01-13,1.8777,3.7757
2015-01-12,1.8481,3.7461
2015-01-09,1.8220,3.7200
2015-01-08,1.8198,3.7178
2015-01-07,1.8045,3.7025
2015-01-06,1.8098,3.7078
2015-01-05,1.7751,3.6731
2014-12-31,1.7675,3.6655
2014-12-30,1.7275,3.6255
2014-12-29,1.7491,3.6471
2014-12-26,1.7652,3.6632
2014-12-25,1.7283,3.6263
2014-12-24,1.7136,3.6116
2014-12-23,1.6852,3.5832
2014-12-22,1.7156,3.6136
2014-12-19,1.8050,3.7030
2014-12-18,1.8537,3.7517
2014-12-17,1.8794,3.7774
2014-12-16,1.8856,3.7836
2014-12-15,1.8883,3.7863
2014-12-12,1.8521,3.7501
2014-12-11,1.8287,3.7267
2014-12-10,1.8133,3.7113
2014-12-09,1.7649,3.6629
2014-12-08,1.8286,3.7266
2014-12-05,1.8159,3.7139
2014-12-04,1.8504,3.7484
2014-12-03,1.7964,3.6944
2014-12-02,1.7697,3.6677
2014-12-01,1.7527,3.6507
2014-11-28,1.7543,3.6523
2014-11-27,1.7316,3.6296
2014-11-26,1.7068,3.6048
2014-11-25,1.6999,3.5979
2014-11-24,1.6786,3.5766
2014-11-21,1.6546,3.5526
2014-11-20,1.6404,3.5384
2014-11-19,1.6452,3.5432
2014-11-18,1.6322,3.5302
2014-11-17,1.6332,3.5312
2014-11-14,1.6211,3.5191
2014-11-13,1.6211,3.5191
2014-11-12,1.6475,3.5455
2014-11-11,1.6282,3.5262
2014-11-10,1.6637,3.5617
2014-11-07,1.6594,3.5574
2014-11-06,1.6557,3.5537
2014-11-05,1.6411,3.5391
2014-11-04,1.6396,3.5376
2014-11-03,1.6541,3.5521
2014-10-31,1.6478,3.5458
2014-10-30,1.6501,3.5481
2014-10-29,1.6493,3.5473
2014-10-28,1.6365,3.5345
2014-10-27,1.5999,3.4979
2014-10-24,1.5839,3.4819
2014-10-23,1.5714,3.4694
2014-10-22,1.5937,3.4917
2014-10-21,1.6197,3.5177
2014-10-20,1.6293,3.5273
2014-10-17,1.6036,3.5016
2014-10-16,1.6157,3.5137
2014-10-15,1.6339,3.5319
2014-10-14,1.6247,3.5227
2014-10-13,1.6244,3.5224
2014-10-10,1.6269,3.5249
2014-10-09,1.6320,3.5300
2014-10-08,1.6278,3.5258
2014-09-30,1.6095,3.5075
2014-09-29,1.5949,3.4929
2014-09-26,1.5745,3.4725
2014-09-25,1.5697,3.4677
2014-09-24,1.5718,3.4698
2014-09-23,1.5566,3.4546
2014-09-22,1.5437,3.4417
2014-09-19,1.5565,3.4545
2014-09-18,1.5379,3.4359
2014-09-17,1.5296,3.4276
2014-09-16,1.5237,3.4217
2014-09-15,1.5688,3.4668
2014-09-12,1.5673,3.4653
2014-09-11,1.5450,3.4430
2014-09-10,1.5479,3.4459
2014-09-09,1.5486,3.4466
2014-09-05,1.5469,3.4449
2014-09-04,1.5428,3.4408
2014-09-03,1.5360,3.4340
2014-09-02,1.5248,3.4228
2014-09-01,1.5152,3.4132
2014-08-29,1.5034,3.4014
2014-08-28,1.4895,3.3875
2014-08-27,1.4982,3.3962
2014-08-26,1.4914,3.3894
2014-08-25,1.5107,3.4087
2014-08-22,1.5182,3.4162
2014-08-21,1.5141,3.4121
2014-08-20,1.5172,3.4152
2014-08-19,1.5179,3.4159
2014-08-18,1.5089,3.4069
2014-08-15,1.4986,3.3966
2014-08-14,1.4920,3.3900
2014-08-13,1.5009,3.3989
2014-08-12,1.4911,3.3891
2014-08-11,1.4881,3.3861
2014-08-08,1.4742,3.3722
2014-08-07,1.4674,3.3654
2014-08-06,1.4789,3.3769
2014-08-05,1.4727,3.3707
2014-08-04,1.4696,3.3676
2014-08-01,1.4419,3.3399
2014-07-31,1.4562,3.3542
2014-07-30,1.4422,3.3402
2014-07-29,1.4401,3.3381
2014-07-28,1.4381,3.3361
2014-07-25,1.4207,3.3187
2014-07-24,1.4146,3.3126
2014-07-23,1.3899,3.2879
2014-07-22,1.3913,3.2893
2014-07-21,1.3775,3.2755
2014-07-18,1.3764,3.2744
2014-07-17,1.3698,3.2678
2014-07-16,1.3778,3.2758
2014-07-15,1.3836,3.2816
2014-07-14,1.3880,3.2860
2014-07-11,1.3727,3.2707
2014-07-10,1.3631,3.2611
2014-07-09,1.3691,3.2671
2014-07-08,1.3915,3.2895
2014-07-07,1.3833,3.2813
2014-07-04,1.3875,3.2855
2014-07-03,1.3861,3.2841
2014-07-02,1.3713,3.2693
2014-07-01,1.3686,3.2666
2014-06-30,1.3670,3.2650
2014-06-27,1.3581,3.2561
2014-06-26,1.3547,3.2527
2014-06-25,1.3450,3.2430
2014-06-24,1.3523,3.2503
2014-06-23,1.3449,3.2429
2014-06-20,1.3344,3.2324
2014-06-19,1.3270,3.2250
2014-06-18,1.3458,3.2438
2014-06-17,1.3581,3.2561
2014-06-16,1.3704,3.2684
2014-06-13,1.3716,3.2696
2014-06-12,1.3564,3.2544
2014-06-11,1.3604,3.2584
2014-06-10,1.3529,3.2509
2014-06-09,1.3376,3.2356
2014-06-06,1.3381,3.2361
2014-06-05,1.3411,3.2391
2014-06-04,1.3265,3.2245
2014-06-03,1.3413,3.2393
2014-05-30,1.3435,3.2415
2014-05-29,1.3413,3.2393
2014-05-28,1.3503,3.2483
2014-05-27,1.3341,3.2321
2014-05-26,1.3378,3.2358
2014-05-23,1.3341,3.2321
2014-05-22,1.3162,3.2142
2014-05-21,1.3101,3.2081
2014-05-20,1.2978,3.1958
2014-05-19,1.2970,3.1950
2014-05-16,1.3079,3.2059
2014-05-15,1.3118,3.2098
2014-05-14,1.3277,3.2257
2014-05-13,1.3212,3.2192
2014-05-12,1.3206,3.2186
2014-05-09,1.3059,3.2039
2014-05-08,1.3156,3.2136
2014-05-07,1.3201,3.2181
2014-05-06,1.3330,3.2310
2014-05-05,1.3255,3.2235
2014-04-30,1.3269,3.2249
2014-04-29,1.3200,3.2180
2014-04-28,1.3058,3.2038
2014-04-25,1.3288,3.2268
2014-04-24,1.3491,3.2471
2014-04-23,1.3547,3.2527
2014-04-22,1.3546,3.2526
2014-04-21,1.3586,3.2566
2014-04-18,1.3761,3.2741
2014-04-17,1.3777,3.2757
2014-04-16,1.3840,3.2820
2014-04-15,1.3813,3.2793
2014-04-14,1.3986,3.2966
2014-04-11,1.3986,3.2966
2014-04-10,1.4017,3.2997
2014-04-09,1.4000,3.2980
2014-04-08,1.3992,3.2972
2014-04-04,1.3859,3.2839
2014-04-03,1.3729,3.2709
2014-04-02,1.3788,3.2768
2014-04-01,1.3802,3.2782
2014-03-31,1.3596,3.2576
2014-03-28,1.3590,3.2570
2014-03-27,1.3718,3.2698
2014-03-26,1.3959,3.2939
2014-03-25,1.3884,3.2864
2014-03-24,1.3987,3.2967
2014-03-21,1.3936,3.2916
2014-03-20,1.3648,3.2628
2014-03-19,1.3865,3.2845
2014-03-18,1.4016,3.2996
2014-03-17,1.3965,3.2945
2014-03-14,1.3800,3.2780
2014-03-13,1.3885,3.2865
2014-03-12,1.3670,3.2650
2014-03-11,1.3602,3.2582
2014-03-10,1.3575,3.2555
2014-03-07,1.3944,3.2924
2014-03-06,1.3992,3.2972
2014-03-05,1.3957,3.2937
2014-03-04,1.4068,3.3048
2014-03-03,1.4051,3.3031
2014-02-28,1.3930,3.2910
2014-02-27,1.3716,3.2696
2014-02-26,1.3978,3.2958
2014-02-25,1.3855,3.2835
2014-02-24,1.4279,3.3259
2014-02-21,1.4515,3.3495
2014-02-20,1.4664,3.3644
2014-02-19,1.4745,3.3725
2014-02-18,1.4690,3.3670
2014-02-17,1.4872,3.3852
2014-02-14,1.4717,3.3697
2014-02-13,1.4474,3.3454
2014-02-12,1.4687,3.3667
2014-02-11,1.4552,3.3532
2014-02-10,1.4524,3.3504
2014-02-07,1.4201,3.3181
2014-01-30,1.4097,3.3077
2014-01-29,1.4188,3.3168
2014-01-28,1.4019,3.2999
2014-01-27,1.4046,3.3026
2014-01-24,1.4234,3.3214
2014-01-23,1.4054,3.3034
2014-01-22,1.3998,3.2978
2014-01-21,1.3599,3.2579
2014-01-20,1.3435,3.2415
2014-01-17,1.3633,3.2613
2014-01-16,1.5188,3.2818
2014-01-15,1.5252,3.2882
2014-01-14,1.5165,3.2795
2014-01-13,1.4951,3.2581
2014-01-10,1.4994,3.2624
2014-01-09,1.5167,3.2797
2014-01-08,1.5333,3.2963
2014-01-07,1.5276,3.2906
2014-01-06,1.5131,3.2761
2014-01-03,1.5517,3.3147
2014-01-02,1.5532,3.3162
2013-12-31,1.5468,3.3098
2013-12-30,1.5376,3.3006
2013-12-27,1.5269,3.2899
2013-12-26,1.5046,3.2676
2013-12-25,1.5212,3.2842
2013-12-24,1.4986,3.2616
2013-12-23,1.4958,3.2588
2013-12-20,1.4901,3.2531
2013-12-19,1.5126,3.2756
2013-12-18,1.5324,3.2954
2013-12-17,1.5298,3.2928
2013-12-16,1.5409,3.3039
2013-12-13,1.5649,3.3279
2013-12-12,1.5587,3.3217
2013-12-11,1.5510,3.3140
2013-12-10,1.5659,3.3289
2013-12-09,1.5516,3.3146
2013-12-06,1.5355,3.2985
2013-12-05,1.5459,3.3089
2013-12-04,1.5513,3.3143
2013-12-03,1.5323,3.2953
2013-12-02,1.5046,3.2676
2013-11-29,1.5627,3.3257
2013-11-28,1.5492,3.3122
2013-11-27,1.5276,3.2906
2013-11-26,1.5129,3.2759
2013-11-25,1.5165,3.2795
2013-11-22,1.5229,3.2859
2013-11-21,1.5302,3.2932
2013-11-20,1.5354,3.2984
2013-11-19,1.5316,3.2946
2013-11-18,1.5349,3.2979
2013-11-15,1.4891,3.2521
2013-11-14,1.4625,3.2255
2013-11-13,1.4478,3.2108
2013-11-12,1.4745,3.2375
2013-11-11,1.4636,3.2266
2013-11-08,1.4591,3.2221
2013-11-07,1.4777,3.2407
2013-11-06,1.5033,3.2663
2013-11-05,1.5335,3.2965
2013-11-04,1.5160,3.2790
2013-11-01,1.5103,3.2733
2013-10-31,1.5113,3.2743
2013-10-30,1.5225,3.2855
2013-10-29,1.4978,3.2608
2013-10-28,1.5182,3.2812
2013-10-25,1.5281,3.2911
2013-10-24,1.5430,3.3060
2013-10-23,1.5600,3.3230
2013-10-22,1.5988,3.3618
2013-10-21,1.6300,3.3930
2013-10-18,1.5766,3.3396
2013-10-17,1.5698,3.3328
2013-10-16,1.5784,3.3414
2013-10-15,1.6201,3.3831
2013-10-14,1.6234,3.3864
2013-10-11,1.6014,3.3644
2013-10-10,1.5722,3.3352
2013-10-09,1.5765,3.3395
2013-10-08,1.5742,3.3372
2013-09-30,1.5457,3.3087
2013-09-27,1.5272,3.2902
2013-09-26,1.5255,3.2885
2013-09-25,1.5554,3.3184
2013-09-24,1.5321,3.2951
2013-09-23,1.5156,3.2786
2013-09-18,1.4864,3.2494
2013-09-17,1.4771,3.2401
2013-09-16,1.5183,3.2813
2013-09-13,1.5213,3.2843
2013-09-12,1.5106,3.2736
2013-09-11,1.4936,3.2566
2013-09-10,1.4904,3.2534
2013-09-09,1.4817,3.2447
2013-09-06,1.4705,3.2335
2013-09-05,1.4730,3.2360
2013-09-04,1.4619,3.2249
2013-09-03,1.4640,3.2270
2013-09-02,1.4374,3.2004
2013-08-30,1.4280,3.1910
2013-08-29,1.4408,3.2038
2013-08-28,1.4489,3.2119
2013-08-27,1.4713,3.2343
2013-08-26,1.4755,3.2385
2013-08-23,1.4541,3.2171
2013-08-22,1.4645,3.2275
2013-08-21,1.4624,3.2254
2013-08-20,1.4645,3.2275
2013-08-19,1.4714,3.2344
2013-08-16,1.4444,3.2074
2013-08-15,1.4692,3.2322
2013-08-14,1.4888,3.2518
2013-08-13,1.4924,3.2554
2013-08-12,1.4908,3.2538
2013-08-09,1.4774,3.2404
2013-08-08,1.4766,3.2396
2013-08-07,1.4863,3.2493
2013-08-06,1.5109,3.2739
2013-08-05,1.5093,3.2723
2013-08-02,1.4809,3.2439
2013-08-01,1.4514,3.2144
2013-07-31,1.4182,3.1812
2013-07-30,1.4085,3.1715
2013-07-29,1.4164,3.1794
2013-07-26,1.4446,3.2076
2013-07-25,1.4432,3.2062
2013-07-24,1.4622,3.2252
2013-07-23,1.4595,3.2225
2013-07-22,1.4281,3.1911
2013-07-19,1.4039,3.1669
2013-07-18,1.4207,3.1837
2013-07-17,1.4331,3.1961
2013-07-16,1.4534,3.2164
2013-07-15,1.4405,3.2035
2013-07-12,1.4016,3.1646
2013-07-11,1.4024,3.1654
2013-07-10,1.3702,3.1332
2013-07-09,1.3378,3.1008
2013-07-08,1.3448,3.1078
2013-07-05,1.3774,3.1404
2013-07-04,1.3776,3.1406
2013-07-03,1.3639,3.1269
2013-07-02,1.3594,3.1224
2013-07-01,1.3408,3.1038
2013-06-30,1.3172,3.0802
2013-06-28,1.3174,3.0804
2013-06-27,1.3014,3.0644
2013-06-26,1.3141,3.0771
2013-06-25,1.2827,3.0457
2013-06-24,1.2758,3.0388
2013-06-21,1.3414,3.1044
2013-06-20,1.3450,3.1080
2013-06-19,1.3849,3.1479
2013-06-18,1.3989,3.1619
2013-06-17,1.3936,3.1566
2013-06-14,1.4001,3.1631
2013-06-13,1.3661,3.1291
2013-06-07,1.3980,3.1610
2013-06-06,1.4150,3.1780
2013-06-05,1.4373,3.2003
2013-06-04,1.4335,3.1965
2013-06-03,1.4533,3.2163
2013-05-31,1.4586,3.2216
2013-05-30,1.4809,3.2439
2013-05-29,1.4853,3.2483
2013-05-28,1.4846,3.2476
2013-05-27,1.4726,3.2356
2013-05-24,1.4675,3.2305
2013-05-23,1.4543,3.2173
2013-05-22,1.4605,3.2235
2013-05-21,1.4655,3.2285
2013-05-20,1.4598,3.2228
2013-05-17,1.4455,3.2085
2013-05-16,1.4216,3.1846
2013-05-15,1.4063,3.1693
2013-05-14,1.3883,3.1513
2013-05-13,1.4091,3.1721
2013-05-10,1.4089,3.1719
2013-05-09,1.4018,3.1648
2013-05-08,1.4009,3.1639
2013-05-07,1.3954,3.1584
2013-05-06,1.3932,3.1562
2013-05-03,1.3673,3.1303
2013-05-02,1.3472,3.1102
2013-04-26,1.3483,3.1113
2013-04-25,1.3617,3.1247
2013-04-24,1.3890,3.1520
2013-04-23,1.3626,3.1256
2013-04-22,1.3950,3.1580
2013-04-19,1.3899,3.1529
2013-04-18,1.3632,3.1262
2013-04-17,1.3679,3.1309
2013-04-16,1.3485,3.1115
2013-04-15,1.3374,3.1004
2013-04-12,1.3461,3.1091
2013-04-11,1.3447,3.1077
2013-04-10,1.3397,3.1027
2013-04-09,1.3431,3.1061
2013-04-08,1.3348,3.0978
2013-04-03,1.3420,3.1050
2013-04-02,1.3477,3.1107
2013-04-01,1.3637,3.1267
2013-03-29,1.3556,3.1186
2013-03-28,1.3691,3.1321
2013-03-27,1.3961,3.1591
2013-03-26,1.3900,3.1530
2013-03-25,1.3832,3.1462
2013-03-22,1.3873,3.1503
2013-03-21,1.3838,3.1468
2013-03-20,1.3708,3.1338
2013-03-19,1.3388,3.1018
2013-03-18,1.3359,3.0989
2013-03-15,1.3400,3.1030
2013-03-14,1.3366,3.0996
2013-03-13,1.3311,3.0941
2013-03-12,1.3472,3.1102
2013-03-11,1.3622,3.1252
2013-03-08,1.3644,3.1274
2013-03-07,1.3810,3.1440
2013-03-06,1.3968,3.1598
2013-03-05,1.3841,3.1471
2013-03-04,1.3627,3.1257
2013-03-01,1.4103,3.1733
2013-02-28,1.3994,3.1624
2013-02-27,1.3694,3.1324
2013-02-26,1.3674,3.1304
2013-02-25,1.3831,3.1461
2013-02-22,1.3778,3.1408
2013-02-21,1.3899,3.1529
2013-02-20,1.4116,3.1746
2013-02-19,1.3867,3.1497
2013-02-18,1.4166,3.1796
2013-02-08,1.4238,3.1868
2013-02-07,1.3992,3.1622
2013-02-06,1.3967,3.1597
2013-02-05,1.3926,3.1556
2013-02-04,1.3709,3.1339
2013-02-01,1.3756,3.1386
2013-01-31,1.3607,3.1237
2013-01-30,1.3668,3.1298
2013-01-29,1.3628,3.1258
2013-01-28,1.3576,3.1206
2013-01-25,1.3266,3.0896
2013-01-24,1.3208,3.0838
2013-01-23,1.3495,3.1125
2013-01-22,1.3468,3.1098
2013-01-21,1.3631,3.1261
2013-01-18,1.3621,3.1251
2013-01-17,1.3399,3.1029
2013-01-16,1.3484,3.1114
2013-01-15,1.3515,3.1145
2013-01-14,1.3439,3.1069
2013-01-11,1.3025,3.0655
2013-01-10,1.3223,3.0853
2013-01-09,1.3189,3.0819
2013-01-08,1.3137,3.0767
2013-01-07,1.3051,3.0681
2013-01-04,1.2944,3.0574
2012-12-31,1.3089,3.0719
2012-12-28,1.2951,3.0581
2012-12-27,1.2739,3.0369
2012-12-26,1.2805,3.0435
2012-12-25,1.2609,3.0239
2012-12-24,1.2320,2.9950
2012-12-21,1.2280,2.9910
2012-12-20,1.2236,2.9866
2012-12-19,1.2146,2.9776
2012-12-18,1.2030,2.9660
2012-12-17,1.2081,2.9711
2012-12-14,1.2081,2.9711
2012-12-13,1.1670,2.9300
2012-12-12,1.1766,2.9396
2012-12-11,1.1741,2.9371
2012-12-10,1.1739,2.9369
2012-12-07,1.1547,2.9177
2012-12-06,1.1359,2.8989
2012-12-05,1.1382,2.9012
2012-12-04,1.1062,2.8692
2012-12-03,1.0981,2.8611
2012-11-30,1.1178,2.8808
2012-11-29,1.1079,2.8709
2012-11-28,1.1096,2.8726
2012-11-27,1.1291,2.8921
2012-11-26,1.1477,2.9107
2012-11-23,1.1567,2.9197
2012-11-22,1.1474,2.9104
2012-11-21,1.1552,2.9182
2012-11-20,1.1449,2.9079
2012-11-19,1.1520,2.9150
2012-11-16,1.1592,2.9222
2012-11-15,1.1674,2.9304
2012-11-14,1.1832,2.9462
2012-11-13,1.1817,2.9447
2012-11-12,1.2011,2.9641
2012-11-09,1.2098,2.9728
2012-11-08,1.2088,2.9718
2012-11-07,1.2271,2.9901
2012-11-06,1.2286,2.9916
2012-11-05,1.2358,2.9988
2012-11-02,1.2472,3.0102
2012-11-01,1.2418,3.0048
2012-10-31,1.2224,2.9854
2012-10-30,1.2147,2.9777
2012-10-29,1.2111,2.9741
2012-10-26,1.2146,2.9776
2012-10-25,1.2358,2.9988
2012-10-24,1.2596,3.0226
2012-10-23,1.2654,3.0284
2012-10-22,1.2878,3.0508
2012-10-19,1.2854,3.0484
2012-10-18,1.2843,3.0473
2012-10-17,1.2592,3.0222
2012-10-16,1.2619,3.0249
2012-10-15,1.2611,3.0241
2012-10-12,1.2643,3.0273
2012-10-11,1.2629,3.0259
2012-10-10,1.2736,3.0366
2012-10-09,1.2710,3.0340
2012-10-08,1.2381,3.0011
2012-09-30,1.2527,3.0157
2012-09-28,1.2528,3.0158
2012-09-27,1.2289,2.9919
2012-09-26,1.2043,2.9673
2012-09-25,1.2237,2.9867
2012-09-24,1.2274,2.9904
2012-09-21,1.2142,2.9772
2012-09-20,1.2095,2.9725
2012-09-19,1.2307,2.9937
2012-09-18,1.2230,2.9860
2012-09-17,1.2324,2.9954
2012-09-14,1.2661,3.0291
2012-09-13,1.2633,3.0263
2012-09-12,1.2761,3.0391
2012-09-11,1.2725,3.0355
2012-09-10,1.2784,3.0414
2012-09-07,1.2703,3.0333
2012-09-06,1.2281,2.9911
2012-09-05,1.2283,2.9913
2012-09-04,1.2216,2.9846
2012-09-03,1.2260,2.9890
2012-08-31,1.2075,2.9705
2012-08-30,1.2067,2.9697
2012-08-29,1.2149,2.9779
2012-08-28,1.2198,2.9828
2012-08-27,1.2256,2.9886
2012-08-24,1.2392,3.0022
2012-08-23,1.2496,3.0126
2012-08-22,1.2532,3.0162
2012-08-21,1.2683,3.0313
2012-08-20,1.2528,3.0158
2012-08-17,1.2527,3.0157
2012-08-16,1.2555,3.0185
2012-08-15,1.2622,3.0252
2012-08-14,1.2698,3.0328
2012-08-13,1.2630,3.0260
2012-08-10,1.2816,3.0446
2012-08-09,1.2892,3.0522
2012-08-08,1.2733,3.0363
2012-08-07,1.2732,3.0362
2012-08-06,1.2690,3.0320
2012-08-03,1.2510,3.0140
2012-08-02,1.2419,3.0049
2012-08-01,1.2631,3.0261
2012-07-31,1.2515,3.0145
2012-07-30,1.2594,3.0224
2012-07-27,1.2684,3.0314
2012-07-26,1.2664,3.0294
2012-07-25,1.2780,3.0410
2012-07-24,1.2822,3.0452
2012-07-23,1.2668,3.0298
2012-07-20,1.2743,3.0373
2012-07-19,1.2841,3.0471
2012-07-18,1.2787,3.0417
2012-07-17,1.2822,3.0452
2012-07-16,1.2852,3.0482
2012-07-13,1.3229,3.0859
2012-07-12,1.3240,3.0870
2012-07-11,1.3067,3.0697
2012-07-10,1.2948,3.0578
2012-07-09,1.3137,3.0767
2012-07-06,1.3378,3.1008
2012-07-05,1.3148,3.0778
2012-07-04,1.3318,3.0948
2012-07-03,1.3331,3.0961
2012-07-02,1.3200,3.0830
2012-06-30,1.3080,3.0710
2012-06-29,1.3080,3.0710
2012-06-28,1.2911,3.0541
2012-06-27,1.3083,3.0713
2012-06-26,1.3083,3.0713
2012-06-25,1.3061,3.0691
2012-06-21,1.3315,3.0945
2012-06-20,1.3409,3.1039
2012-06-19,1.3483,3.1113
2012-06-18,1.3614,3.1244
2012-06-15,1.3471,3.1101
2012-06-14,1.3556,3.1186
2012-06-13,1.3584,3.1214
2012-06-12,1.3293,3.0923
2012-06-11,1.3289,3.0919
2012-06-08,1.3105,3.0735
2012-06-07,1.3182,3.0812
2012-06-06,1.3179,3.0809
2012-06-05,1.3248,3.0878
2012-06-04,1.3246,3.0876
2012-06-01,1.3509,3.1139
2012-05-31,1.3423,3.1053
2012-05-30,1.3321,3.0951
2012-05-29,1.3318,3.0948
2012-05-28,1.3157,3.0787
2012-05-25,1.2949,3.0579
2012-05-24,1.3116,3.0746
2012-05-23,1.3250,3.0880
2012-05-22,1.3258,3.0888
2012-05-21,1.3052,3.0682
2012-05-18,1.2962,3.0592
2012-05-17,1.3164,3.0794
2012-05-16,1.3054,3.0684
2012-05-15,1.3262,3.0892
2012-05-14,1.3265,3.0895
2012-05-11,1.3301,3.0931
2012-05-10,1.3390,3.1020
2012-05-09,1.3424,3.1054
2012-05-08,1.3638,3.1268
2012-05-07,1.3664,3.1294
2012-05-04,1.3605,3.1235
2012-05-03,1.3428,3.1058
2012-05-02,1.3383,3.1013
2012-04-27,1.3309,3.0939
2012-04-26,1.3301,3.0931
2012-04-25,1.3214,3.0844
2012-04-24,1.3015,3.0645
2012-04-23,1.3022,3.0652
2012-04-20,1.3172,3.0802
2012-04-19,1.3086,3.0716
2012-04-18,1.3135,3.0765
2012-04-17,1.2871,3.0501
2012-04-16,1.3079,3.0709
2012-04-13,1.3049,3.0679
2012-04-12,1.3007,3.0637
2012-04-11,1.2813,3.0443
2012-04-10,1.2739,3.0369
2012-04-09,1.2642,3.0272
2012-04-06,1.2772,3.0402
2012-04-05,1.2696,3.0326
2012-03-31,1.2347,2.9977
2012-03-30,1.2347,2.9977
2012-03-29,1.2325,2.9955
2012-03-28,1.2407,3.0037
2012-03-27,1.2658,3.0288
2012-03-26,1.2710,3.0340
2012-03-23,1.2737,3.0367
2012-03-22,1.2843,3.0473
2012-03-21,1.2813,3.0443
2012-03-20,1.2935,3.0565
2012-03-19,1.3172,3.0802
2012-03-16,1.3130,3.0760
2012-03-15,1.2950,3.0580
2012-03-14,1.2961,3.0591
2012-03-13,1.3328,3.0958
2012-03-12,1.3233,3.0863
2012-03-09,1.3153,3.0783
2012-03-08,1.2964,3.0594
2012-03-07,1.2832,3.0462
2012-03-06,1.2920,3.0550
2012-03-05,1.3098,3.0728
2012-03-02,1.3209,3.0839
2012-03-01,1.2973,3.0603
2012-02-29,1.2957,3.0587
2012-02-28,1.3124,3.0754
2012-02-27,1.3138,3.0768
2012-02-24,1.3101,3.0731
2012-02-23,1.2929,3.0559
2012-02-22,1.2850,3.0480
2012-02-21,1.2599,3.0229
2012-02-20,1.2440,3.0070
2012-02-17,1.2411,3.0041
2012-02-16,1.2446,3.0076
2012-02-15,1.2502,3.0132
2012-02-14,1.2409,3.0039
2012-02-13,1.2398,3.0028
2012-02-10,1.2310,2.9940
2012-02-09,1.2203,2.9833
2012-02-08,1.2107,2.9737
2012-02-07,1.1883,2.9513
2012-02-06,1.2044,2.9674
2012-02-03,1.1974,2.9604
2012-02-02,1.1816,2.9446
2012-02-01,1.1644,2.9274
2012-01-31,1.1731,2.9361
2012-01-30,1.1749,2.9379
2012-01-20,1.1864,2.9494
2012-01-19,1.1575,2.9205
2012-01-18,1.1453,2.9083
2012-01-17,1.1774,2.9404
2012-01-16,1.1335,2.8965
2012-01-13,1.1805,2.9435
2012-01-12,1.2196,2.9826
2012-01-11,1.2282,2.9912
2012-01-10,1.2273,2.9903
2012-01-09,1.1904,2.9534
2012-01-06,1.1604,2.9234
2012-01-05,1.1652,2.9282
2012-01-04,1.2023,2.9653
2011-12-31,1.2317,2.9947
2011-12-30,1.2318,2.9948
2011-12-29,1.2108,2.9738
2011-12-28,1.2084,2.9714
2011-12-27,1.2175,2.9805
2011-12-26,1.2447,3.0077
2011-12-23,1.2600,3.0230
2011-12-22,1.2520,3.0150
2011-12-21,1.2499,3.0129
2011-12-20,1.2728,3.0358
2011-12-19,1.2758,3.0388
2011-12-16,1.2721,3.0351
2011-12-15,1.2508,3.0138
2011-12-14,1.2741,3.0371
2011-12-13,1.2960,3.0590
2011-12-12,1.3211,3.0841
2011-12-09,1.3477,3.1107
2011-12-08,1.3664,3.1294
2011-12-07,1.3904,3.1534
2011-12-06,1.3832,3.1462
2011-12-05,1.3853,3.1483
2011-12-02,1.4124,3.1754
2011-12-01,1.4328,3.1958
2011-11-30,1.4113,3.1743
2011-11-29,1.4468,3.2098
2011-11-28,1.4297,3.1927
2011-11-25,1.4261,3.1891
2011-11-24,1.4316,3.1946
2011-11-23,1.4193,3.1823
2011-11-22,1.4264,3.1894
2011-11-21,1.4216,3.1846
2011-11-18,1.4237,3.1867
2011-11-17,1.4494,3.2124
2011-11-16,1.4501,3.2131
2011-11-15,1.4798,3.2428
2011-11-14,1.4786,3.2416
2011-11-11,1.4528,3.2158
2011-11-10,1.4520,3.2150
2011-11-09,1.4672,3.2302
2011-11-08,1.4539,3.2169
2011-11-07,1.4688,3.2318
2011-11-04,1.4823,3.2453
2011-11-03,1.4759,3.2389
2011-11-02,1.4772,3.2402
2011-11-01,1.4478,3.2108
2011-10-31,1.4424,3.2054
2011-10-28,1.4340,3.1970
2011-10-27,1.4073,3.1703
2011-10-26,1.4070,3.1700
2011-10-25,1.3928,3.1558
2011-10-24,1.3582,3.1212
2011-10-21,1.3331,3.0961
2011-10-20,1.3444,3.1074
2011-10-19,1.3872,3.1502
2011-10-18,1.3954,3.1584
2011-10-17,1.4235,3.1865
2011-10-14,1.4098,3.1728
2011-10-13,1.4234,3.1864
2011-10-12,1.4150,3.1780
2011-10-11,1.3737,3.1367
2011-10-10,1.3879,3.1509
2011-09-30,1.4048,3.1678
2011-09-29,1.4138,3.1768
2011-09-28,1.4353,3.1983
2011-09-27,1.4504,3.2134
2011-09-26,1.4449,3.2079
2011-09-23,1.4738,3.2368
2011-09-22,1.4862,3.2492
2011-09-21,1.5262,3.2892
2011-09-20,1.4915,3.2545
2011-09-19,1.4878,3.2508
2011-09-16,1.5154,3.2784
2011-09-15,1.5139,3.2769
2011-09-14,1.5087,3.2717
2011-09-13,1.5038,3.2668
2011-09-09,1.5212,3.2842
2011-09-08,1.5281,3.2911
2011-09-07,1.5446,3.3076
2011-09-06,1.5161,3.2791
2011-09-05,1.5280,3.2910
2011-09-02,1.5537,3.3167
2011-09-01,1.5681,3.3311
2011-08-31,1.5821,3.3451
2011-08-30,1.5927,3.3557
2011-08-29,1.6031,3.3661
2011-08-26,1.6094,3.3724
2011-08-25,1.6084,3.3714
2011-08-24,1.5787,3.3417
2011-08-23,1.5728,3.3358
2011-08-22,1.5584,3.3214
2011-08-19,1.5777,3.3407
2011-08-18,1.5827,3.3457
2011-08-17,1.6070,3.3700
2011-08-16,1.6113,3.3743
2011-08-15,1.6266,3.3896
2011-08-12,1.6122,3.3752
2011-08-11,1.6103,3.3733
2011-08-10,1.5739,3.3369
2011-08-09,1.5565,3.3195
2011-08-08,1.5424,3.3054
2011-08-05,1.5702,3.3332
2011-08-04,1.5858,3.3488
2011-08-03,1.5846,3.3476
2011-08-02,1.5760,3.3390
2011-08-01,1.5759,3.3389
2011-07-29,1.5784,3.3414
2011-07-28,1.5849,3.3479
2011-07-27,1.5850,3.3480
2011-07-26,1.5615,3.3245
2011-07-25,1.5618,3.3248
2011-07-22,1.5996,3.3626
2011-07-21,1.5954,3.3584
2011-07-20,1.6024,3.3654
2011-07-19,1.6007,3.3637
2011-07-18,1.6159,3.3789
2011-07-15,1.6193,3.3823
2011-07-14,1.6064,3.3694
2011-07-13,1.6037,3.3667
2011-07-12,1.5820,3.3450
2011-07-11,1.5988,3.3618
2011-07-08,1.5898,3.3528
2011-07-07,1.5858,3.3488
2011-07-06,1.5759,3.3389
2011-07-05,1.5763,3.3393
2011-07-04,1.5717,3.3347
2011-07-01,1.5431,3.3061
2011-06-30,1.5362,3.2992
2011-06-29,1.5166,3.2796
2011-06-28,1.5304,3.2934
2011-06-27,1.5305,3.2935
2011-06-24,1.5200,3.2830
2011-06-23,1.4908,3.2538
2011-06-22,1.4676,3.2306
2011-06-21,1.4706,3.2336
2011-06-20,1.4581,3.2211
2011-06-17,1.4715,3.2345
2011-06-16,1.4868,3.2498
2011-06-15,1.5082,3.2712
2011-06-14,1.5206,3.2836
2011-06-13,1.5061,3.2691
2011-06-10,1.5097,3.2727
2011-06-09,1.5070,3.2700
2011-06-08,1.5348,3.2978
2011-06-07,1.5236,3.2866
2011-06-03,1.5187,3.2817
2011-06-02,1.4956,3.2586
2011-06-01,1.5166,3.2796
2011-05-31,1.5040,3.2670
2011-05-30,1.4936,3.2566
2011-05-27,1.4984,3.2614
2011-05-26,1.5102,3.2732
2011-05-25,1.5199,3.2829
2011-05-24,1.5318,3.2948
2011-05-23,1.5291,3.2921
2011-05-20,1.5649,3.3279
2011-05-19,1.5674,3.3304
2011-05-18,1.5683,3.3313
2011-05-17,1.5563,3.3193
2011-05-16,1.5643,3.3273
2011-05-13,1.5689,3.3319
2011-05-12,1.5650,3.3280
2011-05-11,1.5724,3.3354
2011-05-10,1.5695,3.3325
2011-05-09,1.5672,3.3302
2011-05-06,1.5630,3.3260
2011-05-05,1.5545,3.3175
2011-05-04,1.5471,3.3101
2011-05-03,1.5674,3.3304
2011-04-29,1.5495,3.3125
2011-04-28,1.5339,3.2969
2011-04-27,1.5635,3.3265
2011-04-26,1.5687,3.3317
2011-04-25,1.5825,3.3455
2011-04-22,1.5770,3.3400
2011-04-21,1.5902,3.3532
2011-04-20,1.5844,3.3474
2011-04-19,1.5810,3.3440
2011-04-18,1.5960,3.3590
2011-04-15,1.5860,3.3490
2011-04-14,1.5777,3.3407
2011-04-13,1.5836,3.3466
2011-04-12,1.5660,3.3290
2011-04-11,1.5612,3.3242
2011-04-08,1.5725,3.3355
2011-04-07,1.5547,3.3177
2011-04-06,1.5533,3.3163
2011-04-01,1.5639,3.3269
2011-03-31,1.5471,3.3101
2011-03-30,1.5554,3.3184
2011-03-29,1.5684,3.3314
2011-03-28,1.5870,3.3500
2011-03-25,1.6061,3.3691
2011-03-24,1.5961,3.3591
2011-03-23,1.5983,3.3613
2011-03-22,1.5820,3.3450
2011-03-21,1.5800,3.3430
2011-03-18,1.5947,3.3577
2011-03-17,1.5905,3.3535
2011-03-16,1.6143,3.3773
2011-03-15,1.6006,3.3636
2011-03-14,1.6247,3.3877
2011-03-11,1.6103,3.3733
2011-03-10,1.6195,3.3825
2011-03-09,1.6344,3.3974
2011-03-08,1.6268,3.3898
2011-03-07,1.6287,3.3917
2011-03-04,1.6151,3.3781
2011-03-03,1.6010,3.3640
2011-03-02,1.6113,3.3743
2011-03-01,1.6137,3.3767
2011-02-28,1.6077,3.3707
2011-02-25,1.5859,3.3489
2011-02-24,1.5813,3.3443
2011-02-23,1.5787,3.3417
2011-02-22,1.5742,3.3372
2011-02-21,1.6104,3.3734
2011-02-18,1.5966,3.3596
2011-02-17,1.6142,3.3772
2011-02-16,1.6102,3.3732
2011-02-15,1.6021,3.3651
2011-02-14,1.6073,3.3703
2011-02-11,1.5709,3.3339
2011-02-10,1.5537,3.3167
2011-02-09,1.5216,3.2846
2011-02-01,1.5376,3.3006
2011-01-31,1.5348,3.2978
2011-01-28,1.5210,3.2840
2011-01-27,1.5101,3.2731
2011-01-26,1.4901,3.2531
2011-01-25,1.5484,3.2284
2011-01-24,1.5623,3.2423
2011-01-21,1.6044,3.2844
2011-01-20,1.6013,3.2813
2011-01-19,1.6513,3.3313
2011-01-18,1.6181,3.2981
2011-01-17,1.6081,3.2881
2011-01-14,1.6639,3.3439
2011-01-13,1.6919,3.3719
2011-01-12,1.6914,3.3714
2011-01-11,1.6891,3.3691
2011-01-10,1.6972,3.3772
2011-01-07,1.7375,3.4175
2011-01-06,1.7410,3.4210
2011-01-05,1.7594,3.4394
2011-01-04,1.7612,3.4412
2010-12-31,1.7422,3.4222
2010-12-30,1.6891,3.3691
2010-12-29,1.6753,3.3553
2010-12-28,1.6537,3.3337
2010-12-27,1.6762,3.3562
2010-12-24,1.7038,3.3838
2010-12-23,1.7157,3.3957
2010-12-22,1.7370,3.4170
2010-12-21,1.7540,3.4340
2010-12-20,1.7360,3.4160
2010-12-17,1.7508,3.4308
2010-12-16,1.7561,3.4361
2010-12-15,1.7613,3.4413
2010-12-14,1.7780,3.4580
2010-12-13,1.7679,3.4479
2010-12-10,1.7159,3.3959
2010-12-09,1.6947,3.3747
2010-12-08,1.7216,3.4016
2010-12-07,1.7025,3.3825
2010-12-06,1.6699,3.3499
2010-12-03,1.6781,3.3581
2010-12-02,1.6737,3.3537
2010-12-01,1.6678,3.3478
2010-11-30,1.6738,3.3538
2010-11-29,1.7038,3.3838
2010-11-26,1.6967,3.3767
2010-11-25,1.7078,3.3878
2010-11-24,1.6969,3.3769
2010-11-23,1.6566,3.3366
2010-11-22,1.6683,3.3483
2010-11-19,1.6432,3.3232
2010-11-18,1.5995,3.2795
2010-11-17,1.5747,3.2547
2010-11-16,1.6401,3.3201
2010-11-15,1.6760,3.3560
2010-11-12,1.6463,3.3263
2010-11-11,1.7088,3.3888
2010-11-10,1.7128,3.3928
2010-11-09,1.6923,3.3723
2010-11-08,1.6866,3.3666
2010-11-05,1.6664,3.3464
2010-11-04,1.6410,3.3210
2010-11-03,1.6247,3.3047
2010-11-02,1.6415,3.3215
2010-11-01,1.6566,3.3366
2010-10-29,1.6120,3.2920
2010-10-28,1.6017,3.2817
2010-10-27,1.5943,3.2743
2010-10-26,1.6109,3.2909
2010-10-25,1.6170,3.2970
2010-10-22,1.5795,3.2595
2010-10-21,1.5773,3.2573
2010-10-20,1.5918,3.2718
2010-10-19,1.5689,3.2489
2010-10-18,1.5252,3.2052
2010-10-15,1.5391,3.2191
2010-10-14,1.5206,3.2006
2010-10-13,1.5473,3.2273
2010-10-12,1.5321,3.2121
2010-10-11,1.5321,3.2121
2010-10-08,1.5348,3.2148
2010-09-30,1.4977,3.1777
2010-09-29,1.4738,3.1538
2010-09-28,1.4927,3.1727
2010-09-27,1.4974,3.1774
2010-09-21,1.4747,3.1547
2010-09-20,1.4734,3.1534
2010-09-17,1.4772,3.1572
2010-09-16,1.4650,3.1450
2010-09-15,1.4921,3.1721
2010-09-14,1.5172,3.1972
2010-09-13,1.5155,3.1955
2010-09-10,1.4966,3.1766
2010-09-09,1.4816,3.1616
2010-09-08,1.4949,3.1749
2010-09-07,1.4947,3.1747
2010-09-06,1.4942,3.1742
2010-09-03,1.4957,3.1757
2010-09-02,1.4826,3.1626
2010-09-01,1.4570,3.1370
2010-08-31,1.4696,3.1496
2010-08-30,1.4662,3.1462
2010-08-27,1.4311,3.1111
2010-08-26,1.4135,3.0935
2010-08-25,1.4018,3.0818
2010-08-24,1.4257,3.1057
2010-08-23,1.4102,3.0902
2010-08-20,1.4011,3.0811
2010-08-19,1.4256,3.1056
2010-08-18,1.4282,3.1082
2010-08-17,1.4336,3.1136
2010-08-16,1.4174,3.0974
2010-08-13,1.3866,3.0666
2010-08-12,1.3620,3.0420
2010-08-11,1.3715,3.0515
2010-08-10,1.3554,3.0354
2010-08-09,1.3980,3.0780
2010-08-06,1.3860,3.0660
2010-08-05,1.3673,3.0473
2010-08-04,1.3655,3.0455
2010-08-03,1.3592,3.0392
2010-08-02,1.3721,3.0521
2010-07-30,1.3492,3.0292
2010-07-29,1.3492,3.0292
2010-07-28,1.3500,3.0300
2010-07-27,1.3269,3.0069
2010-07-26,1.3265,3.0065
2010-07-23,1.3164,2.9964
2010-07-22,1.3108,2.9908
2010-07-21,1.2964,2.9764
2010-07-20,1.2923,2.9723
2010-07-19,1.2713,2.9513
2010-07-16,1.2456,2.9256
2010-07-15,1.2416,2.9216
2010-07-14,1.2580,2.9380
2010-07-13,1.2576,2.9376
2010-07-12,1.2746,2.9546
2010-07-09,1.2647,2.9447
2010-07-08,1.2340,2.9140
2010-07-07,1.2293,2.9093
2010-07-06,1.2197,2.8997
2010-07-05,1.1988,2.8788
2010-07-02,1.1945,2.8745
2010-07-01,1.1987,2.8787
2010-06-30,1.2207,2.9007
2010-06-29,1.2212,2.9012
2010-06-28,1.2746,2.9546
2010-06-25,1.2876,2.9676
2010-06-24,1.2991,2.9791
2010-06-23,1.2949,2.9749
2010-06-22,1.3010,2.9810
2010-06-21,1.2985,2.9785
2010-06-18,1.2662,2.9462
2010-06-17,1.2970,2.9770
2010-06-11,1.3187,2.9987
2010-06-10,1.3208,3.0008
2010-06-09,1.3204,3.0004
2010-06-08,1.2926,2.9726
2010-06-07,1.2843,2.9643
2010-06-04,1.2887,2.9687
2010-06-03,1.2835,2.9635
2010-06-02,1.2855,2.9655
2010-06-01,1.2753,2.9553
2010-05-31,1.2851,2.9651
2010-05-28,1.3111,2.9911
2010-05-27,1.3119,2.9919
2010-05-26,1.2925,2.9725
2010-05-25,1.2952,2.9752
2010-05-24,1.3205,3.0005
2010-05-21,1.2783,2.9583
2010-05-20,1.2494,2.9294
2010-05-19,1.2580,2.9380
2010-05-18,1.2523,2.9323
2010-05-17,1.2275,2.9075
2010-05-14,1.2878,2.9678
2010-05-13,1.2883,2.9683
2010-05-12,1.2595,2.9395
2010-05-11,1.2642,2.9442
2010-05-10,1.2878,2.9678
2010-05-07,1.2899,2.9699
2010-05-06,1.3086,2.9886
2010-05-05,1.3544,3.0344
2010-05-04,1.3292,3.0092
2010-04-30,1.3422,3.0222
2010-04-29,1.3480,3.0280
2010-04-28,1.3791,3.0591
2010-04-27,1.3788,3.0588
2010-04-26,1.4045,3.0845
2010-04-23,1.4101,3.0901
2010-04-22,1.4198,3.0998
2010-04-21,1.4131,3.0931
2010-04-20,1.3779,3.0579
2010-04-19,1.3708,3.0508
2010-04-16,1.4256,3.1056
2010-04-15,1.4310,3.1110
2010-04-14,1.4469,3.1269
2010-04-13,1.4379,3.1179
2010-04-12,1.4304,3.1104
2010-04-09,1.4351,3.1151
2010-04-08,1.4224,3.1024
2010-04-07,1.4312,3.1112
2010-04-06,1.4354,3.1154
2010-04-02,1.4434,3.1234
2010-04-01,1.4426,3.1226
2010-03-31,1.4195,3.0995
2010-03-30,1.4227,3.1027
2010-03-29,1.4175,3.0975
2010-03-26,1.3969,3.0769
2010-03-25,1.3778,3.0578
2010-03-24,1.3881,3.0681
2010-03-23,1.3846,3.0646
2010-03-22,1.3909,3.0709
2010-03-19,1.3870,3.0670
2010-03-18,1.3821,3.0621
2010-03-17,1.3835,3.0635
2010-03-16,1.3534,3.0334
2010-03-15,1.3485,3.0285
2010-03-12,1.3660,3.0460
2010-03-11,1.3825,3.0625
2010-03-10,1.3893,3.0693
2010-03-09,1.4011,3.0811
2010-03-08,1.3952,3.0752
2010-03-05,1.3861,3.0661
2010-03-04,1.3842,3.0642
2010-03-03,1.4198,3.0998
2010-03-02,1.4161,3.0961
2010-03-01,1.4169,3.0969
2010-02-26,1.4048,3.0848
2010-02-25,1.4060,3.0860
2010-02-24,1.3840,3.0640
2010-02-23,1.3633,3.0433
2010-02-22,1.3743,3.0543
2010-02-12,1.3866,3.0666
2010-02-11,1.3717,3.0517
2010-02-10,1.3695,3.0495
2010-02-09,1.3487,3.0287
2010-02-08,1.3468,3.0268
2010-02-05,1.3489,3.0289
2010-02-04,1.3682,3.0482
2010-02-03,1.3687,3.0487
2010-02-02,1.3437,3.0237
2010-02-01,1.3524,3.0324
2010-01-29,1.3657,3.0457
2010-01-28,1.3597,3.0397
2010-01-27,1.3459,3.0259
2010-01-26,1.3587,3.0387
2010-01-25,1.3943,3.0743
2010-01-22,1.4060,3.0860
2010-01-21,1.4285,3.1085
2010-01-20,1.4268,3.1068
2010-01-19,1.4777,3.1577
2010-01-18,1.4795,3.1595
2010-01-15,1.4679,3.1479
2010-01-14,1.4567,3.1367
2010-01-13,1.4338,3.1138
2010-01-12,1.4654,3.1454
2010-01-11,1.4411,3.1211
2010-01-08,1.4407,3.1207
2010-01-07,1.6136,3.1136
2010-01-06,1.6437,3.1437
2010-01-05,1.6486,3.1486
2010-01-04,1.6349,3.1349
2009-12-31,1.6427,3.1427
2009-12-30,1.6345,3.1345
2009-12-29,1.6230,3.1230
2009-12-28,1.6152,3.1152
2009-12-25,1.5950,3.0950
2009-12-24,1.5927,3.0927
2009-12-23,1.5436,3.0436
2009-12-22,1.5268,3.0268
2009-12-21,1.5563,3.0563
2009-12-18,1.5593,3.0593
2009-12-17,1.5974,3.0974
2009-12-16,1.6354,3.1354
2009-12-15,1.6457,3.1457
2009-12-14,1.6499,3.1499
2009-12-11,1.6379,3.1379
2009-12-10,1.6358,3.1358
2009-12-09,1.6267,3.1267
2009-12-08,1.6515,3.1515
2009-12-07,1.6658,3.1658
2009-12-04,1.6506,3.1506
2009-12-03,1.6464,3.1464
2009-12-02,1.6495,3.1495
2009-12-01,1.6393,3.1393
2009-11-30,1.6154,3.1154
2009-11-27,1.5515,3.0515
2009-11-26,1.5849,3.0849
2009-11-25,1.6469,3.1469
2009-11-24,1.6082,3.1082
2009-11-23,1.6635,3.1635
2009-11-20,1.6439,3.1439
2009-11-19,1.6495,3.1495
2009-11-18,1.6437,3.1437
2009-11-17,1.6437,3.1437
2009-11-16,1.6439,3.1439
2009-11-13,1.6034,3.1034
2009-11-12,1.5871,3.0871
2009-11-11,1.5795,3.0795
2009-11-10,1.5823,3.0823
2009-11-09,1.5776,3.0776
2009-11-06,1.5728,3.0728
2009-11-05,1.5729,3.0729
2009-11-04,1.5748,3.0748
2009-11-03,1.5649,3.0649
2009-11-02,1.5514,3.0514
2009-10-30,1.4964,2.9964
2009-10-29,1.4785,2.9785
2009-10-28,1.5052,3.0052
2009-10-27,1.5036,3.0036
2009-10-26,1.5340,3.0340
2009-10-23,1.5326,3.0326
2009-10-22,1.5091,3.0091
2009-10-21,1.5130,3.0130
2009-10-20,1.5255,3.0255
2009-10-19,1.5047,3.0047
2009-10-16,1.4748,2.9748
2009-10-15,1.4738,2.9738
2009-10-14,1.4746,2.9746
2009-10-13,1.4715,2.9715
2009-10-12,1.4591,2.9591
2009-10-09,1.4625,2.9625
2009-09-30,1.4148,2.9148
2009-09-29,1.4033,2.9033
2009-09-28,1.4077,2.9077
2009-09-25,1.4274,2.9274
2009-09-24,1.4304,2.9304
2009-09-23,1.4346,2.9346
2009-09-22,1.4703,2.9703
2009-09-21,1.4893,2.9893
2009-09-18,1.4683,2.9683
2009-09-17,1.5113,3.0113
2009-09-16,1.4897,2.9897
2009-09-15,1.5012,3.0012
2009-09-14,1.4949,2.9949
2009-09-11,1.4684,2.9684
2009-09-10,1.4427,2.9427
2009-09-09,1.4560,2.9560
2009-09-08,1.4523,2.9523
2009-09-07,1.4193,2.9193
2009-09-04,1.3919,2.8919
2009-09-03,1.3785,2.8785
2009-09-02,1.3245,2.8245
2009-09-01,1.3140,2.8140
2009-08-31,1.3038,2.8038
2009-08-28,1.3763,2.8763
2009-08-27,1.4071,2.9071
2009-08-26,1.4004,2.9004
2009-08-25,1.3676,2.8676
2009-08-24,1.3896,2.8896
2009-08-21,1.3636,2.8636
2009-08-20,1.3300,2.8300
2009-08-19,1.2871,2.7871
2009-08-18,1.3232,2.8232
2009-08-17,1.3168,2.8168
2009-08-14,1.3931,2.8931
2009-08-13,1.4324,2.9324
2009-08-12,1.4276,2.9276
2009-08-11,1.4775,2.9775
2009-08-10,1.4658,2.9658
2009-08-07,1.4587,2.9587
2009-08-06,1.4893,2.9893
2009-08-05,1.5069,3.0069
2009-08-04,1.5121,3.0121
2009-08-03,1.5084,3.0084
2009-07-31,1.4934,2.9934
2009-07-30,1.4653,2.9653
2009-07-29,1.4448,2.9448
2009-07-28,1.5110,3.0110
2009-07-27,1.5121,3.0121
2009-07-24,1.4882,2.9882
2009-07-23,1.4964,2.9964
2009-07-22,1.4872,2.9872
2009-07-21,1.4666,2.9666
2009-07-20,1.4840,2.9840
2009-07-17,1.4649,2.9649
2009-07-16,1.4631,2.9631
2009-07-15,1.4697,2.9697
2009-07-14,1.4726,2.9726
2009-07-13,1.4408,2.9408
2009-07-10,1.4419,2.9419
2009-07-09,1.4330,2.9330
2009-07-08,1.4076,2.9076
2009-07-07,1.4029,2.9029
2009-07-06,1.4034,2.9034
2009-07-03,1.4042,2.9042
2009-07-02,1.3941,2.8941
2009-07-01,1.3840,2.8840
2009-06-30,1.3679,2.8679
2009-06-29,1.3688,2.8688
2009-06-26,1.3478,2.8478
2009-06-25,1.3469,2.8469
2009-06-24,1.3456,2.8456
2009-06-23,1.3386,2.8386
2009-06-22,1.3405,2.8405
2009-06-19,1.3431,2.8431
2009-06-18,1.3386,2.8386
2009-06-17,1.3239,2.8239
2009-06-16,1.3015,2.8015
2009-06-15,1.3061,2.8061
2009-06-12,1.2732,2.7732
2009-06-11,1.2870,2.7870
2009-06-10,1.2937,2.7937
2009-06-09,1.2781,2.7781
2009-06-08,1.2727,2.7727
2009-06-05,1.2670,2.7670
2009-06-04,1.2542,2.7542
2009-06-03,1.2548,2.7548
2009-06-02,1.2385,2.7385
2009-06-01,1.2302,2.7302
2009-05-27,1.2074,2.7074
2009-05-26,1.2003,2.7003
2009-05-25,1.2004,2.7004
2009-05-22,1.2006,2.7006
2009-05-21,1.2025,2.7025
2009-05-20,1.2235,2.7235
2009-05-19,1.2362,2.7362
2009-05-18,1.2333,2.7333
2009-05-15,1.2333,2.7333
2009-05-14,1.2276,2.7276
2009-05-13,1.2304,2.7304
2009-05-12,1.2248,2.7248
2009-05-11,1.2060,2.7060
2009-05-08,1.2291,2.7291
2009-05-07,1.2227,2.7227
2009-05-06,1.2285,2.7285
2009-05-05,1.2202,2.7202
2009-05-04,1.2210,2.7210
2009-04-30,1.1949,2.6949
2009-04-29,1.1841,2.6841
2009-04-28,1.1607,2.6607
2009-04-27,1.1613,2.6613
2009-04-24,1.1740,2.6740
2009-04-23,1.1816,2.6816
2009-04-22,1.1796,2.6796
2009-04-21,1.2137,2.7137
2009-04-20,1.2172,2.7172
2009-04-17,1.1929,2.6929
2009-04-16,1.1982,2.6982
2009-04-15,1.1952,2.6952
2009-04-14,1.1851,2.6851
2009-04-13,1.1726,2.6726
2009-04-10,1.1553,2.6553
2009-04-09,1.1263,2.6263
2009-04-08,1.1115,2.6115
2009-04-07,1.1381,2.6381
2009-04-03,1.1368,2.6368
2009-04-02,1.1445,2.6445
2009-04-01,1.1312,2.6312
2009-03-31,1.1188,2.6188
2009-03-30,1.1079,2.6079
2009-03-27,1.1128,2.6128
2009-03-26,1.1065,2.6065
2009-03-25,1.0964,2.5964
2009-03-24,1.1154,2.6154
2009-03-23,1.1058,2.6058
2009-03-20,1.0868,2.5868
2009-03-19,1.0960,2.5960
2009-03-18,1.0776,2.5776
2009-03-17,1.0755,2.5755
2009-03-16,1.0468,2.5468
2009-03-13,1.0373,2.5373
2009-03-12,1.0430,2.5430
2009-03-11,1.0464,2.5464
2009-03-10,1.0548,2.5548
2009-03-09,1.0378,2.5378
2009-03-06,1.0672,2.5672
2009-03-05,1.0742,2.5742
2009-03-04,1.0778,2.5778
2009-03-03,1.0187,2.5187
2009-03-02,1.0250,2.5250
2009-02-27,1.0138,2.5138
2009-02-26,1.0288,2.5288
2009-02-25,1.0708,2.5708
2009-02-24,1.0755,2.5755
2009-02-23,1.1071,2.6071
2009-02-20,1.0845,2.5845
2009-02-19,1.0680,2.5680
2009-02-18,1.0572,2.5572
2009-02-17,1.0934,2.5934
2009-02-16,1.1186,2.6186
2009-02-13,1.1089,2.6089
2009-02-12,1.0825,2.5825
2009-02-11,1.0751,2.5751
2009-02-10,1.0672,2.5672
2009-02-09,1.0601,2.5601
2009-02-06,1.0390,2.5390
2009-02-05,1.0083,2.5083
2009-02-04,1.0140,2.5140
2009-02-03,0.9967,2.4967
2009-02-02,0.9784,2.4784
2009-01-23,0.9706,2.4706
2009-01-22,0.9747,2.4747
2009-01-21,0.9680,2.4680
2009-01-20,0.9754,2.4754
2009-01-19,0.9711,2.4711
2009-01-16,0.9639,2.4639
2009-01-15,0.9565,2.4565
2009-01-14,0.9600,2.4600
2009-01-13,0.9361,2.4361
2009-01-12,0.9509,2.4509
2009-01-09,0.9528,2.4528
2009-01-08,0.9419,2.4419
2009-01-07,0.9546,2.4546
2009-01-06,0.9587,2.4587
2009-01-05,0.9448,2.4448
2008-12-31,0.9344,2.4344
2008-12-30,0.9338,2.4338
2008-12-29,0.9333,2.4333
2008-12-26,0.9320,2.4320
2008-12-25,0.9404,2.4404
2008-12-24,0.9454,2.4454
2008-12-23,0.9577,2.4577
2008-12-22,1.0003,2.5003
2008-12-19,1.0044,2.5044
2008-12-18,0.9950,2.4950
2008-12-17,0.9825,2.4825
2008-12-16,0.9690,2.4690
2008-12-15,0.9601,2.4601
2008-12-12,0.9488,2.4488
2008-12-11,0.9736,2.4736
2008-12-10,0.9904,2.4904
2008-12-09,0.9738,2.4738
2008-12-08,0.9889,2.4889
2008-12-05,0.9615,2.4615
2008-12-04,0.9509,2.4509
2008-12-03,0.9392,2.4392
2008-12-02,0.9074,2.4074
2008-12-01,0.8966,2.3966
2008-11-28,0.8839,2.3839
2008-11-27,0.8844,2.3844
2008-11-26,0.8649,2.3649
2008-11-25,0.8641,2.3641
2008-11-24,0.8681,2.3681
2008-11-21,0.8939,2.3939
2008-11-20,0.8987,2.3987
2008-11-19,0.8996,2.3996
2008-11-18,0.8517,2.3517
2008-11-17,0.8977,2.3977
2008-11-14,0.8736,2.3736
2008-11-13,0.8357,2.3357
2008-11-12,0.8092,2.3092
2008-11-11,0.8100,2.3100
2008-11-10,0.8164,2.3164
2008-11-07,0.7755,2.2755
2008-11-06,0.7767,2.2767
2008-11-05,0.7935,2.2935
2008-11-04,0.7760,2.2760
2008-11-03,0.7834,2.2834
2008-10-31,0.7846,2.2846
2008-10-30,0.7931,2.2931
2008-10-29,0.7806,2.2806
2008-10-28,0.7923,2.2923
2008-10-27,0.7817,2.2817
2008-10-24,0.8232,2.3232
2008-10-23,0.8392,2.3392
2008-10-22,0.8394,2.3394
2008-10-21,0.8495,2.3495
2008-10-20,0.8495,2.3495
2008-10-17,0.8330,2.3330
2008-10-16,0.8342,2.3342
2008-10-15,0.8590,2.3590
2008-10-14,0.8688,2.3688
2008-10-13,0.8837,2.3837
2008-10-10,0.8712,2.3712
2008-10-09,0.9030,2.4030
2008-10-08,0.9114,2.4114
2008-10-07,0.9344,2.4344
2008-10-06,0.9386,2.4386
2008-09-30,0.9709,2.4709
2008-09-26,0.9710,2.4710
2008-09-25,0.9557,2.4557
2008-09-24,0.9315,2.4315
2008-09-23,0.9320,2.4320
2008-09-22,0.9795,2.4795
2008-09-19,0.9559,2.4559
2008-09-18,0.8790,2.3790
2008-09-17,0.8963,2.3963
2008-09-16,0.9113,2.4113
2008-09-12,0.9231,2.4231
2008-09-11,0.9207,2.4207
2008-09-10,0.9404,2.4404
2008-09-09,0.9406,2.4406
2008-09-08,0.9414,2.4414
2008-09-05,0.9631,2.4631
2008-09-04,0.9796,2.4796
2008-09-03,0.9767,2.4767
2008-09-02,1.0015,2.5015
2008-09-01,1.0190,2.5190
2008-08-29,1.0546,2.5546
2008-08-28,1.0370,2.5370
2008-08-27,1.0393,2.5393
2008-08-26,1.0589,2.5589
2008-08-25,1.0837,2.5837
2008-08-22,1.0883,2.5883
2008-08-21,1.1041,2.6041
2008-08-20,1.1385,2.6385
2008-08-19,1.0773,2.5773
2008-08-18,1.0699,2.5699
2008-08-15,1.1102,2.6102
2008-08-14,1.1095,2.6095
2008-08-13,1.1021,2.6021
2008-08-12,1.0968,2.5968
2008-08-11,1.0971,2.5971
2008-08-08,1.1337,2.6337
2008-08-07,1.1660,2.6660
2008-08-06,1.1765,2.6765
2008-08-05,1.1758,2.6758
2008-08-04,1.1947,2.6947
2008-08-01,1.2088,2.7088
2008-07-31,1.1964,2.6964
2008-07-30,1.2172,2.7172
2008-07-29,1.2221,2.7221
2008-07-28,1.2336,2.7336
2008-07-25,1.2274,2.7274
2008-07-24,1.2353,2.7353
2008-07-23,1.2088,2.7088
2008-07-22,1.2200,2.7200
2008-07-21,1.2229,2.7229
2008-07-18,1.1878,2.6878
2008-07-17,1.1645,2.6645
2008-07-16,1.1677,2.6677
2008-07-15,1.1984,2.6984
2008-07-14,1.2355,2.7355
2008-07-11,1.2304,2.7304
2008-07-10,1.2396,2.7396
2008-07-09,1.2437,2.7437
2008-07-08,1.2147,2.7147
2008-07-07,1.2093,2.7093
2008-07-04,1.1655,2.6655
2008-07-03,1.1707,2.6707
2008-07-02,1.1437,2.6437
2008-07-01,1.1389,2.6389
2008-06-30,1.1669,2.6669
2008-06-27,1.1721,2.6721
2008-06-26,1.2140,2.7140
2008-06-25,1.2070,2.7070
2008-06-24,1.1622,2.6622
2008-06-23,1.1370,2.6370
2008-06-20,1.1590,2.6590
2008-06-19,1.1352,2.6352
2008-06-18,1.2015,2.7015
2008-06-17,1.1579,2.6579
2008-06-16,1.1778,2.6778
2008-06-13,1.1896,2.6896
2008-06-12,1.2233,2.7233
2008-06-11,1.2427,2.7427
2008-06-10,1.2434,2.7434
2008-06-06,1.3247,2.8247
2008-06-05,1.3246,2.8246
2008-06-04,1.3359,2.8359
2008-06-03,1.3553,2.8553
2008-06-02,1.3590,2.8590
2008-05-30,1.3610,2.8610
2008-05-29,1.3600,2.8600
2008-05-28,1.3793,2.8793
2008-05-27,1.3558,2.8558
2008-05-26,1.3518,2.8518
2008-05-23,1.3834,2.8834
2008-05-22,1.3854,2.8854
2008-05-21,1.4065,2.9065
2008-05-20,1.3857,2.8857
2008-05-19,1.4443,2.9443
2008-05-16,1.4477,2.9477
2008-05-15,1.4584,2.9584
2008-05-14,1.4773,2.9773
2008-05-13,1.4532,2.9532
2008-05-12,1.4517,2.9517
2008-05-09,1.4478,2.9478
2008-05-08,1.4492,2.9492
2008-05-07,1.4116,2.9116
2008-05-06,1.4639,2.9639
2008-05-05,1.4770,2.9770
2008-04-30,1.4445,2.9445
2008-04-29,1.3869,2.8869
2008-04-28,1.3782,2.8782
2008-04-25,1.4029,2.9029
2008-04-24,1.4203,2.9203
2008-04-23,1.3249,2.8249
2008-04-22,1.2757,2.7757
2008-04-21,1.2859,2.7859
2008-04-18,1.2897,2.7897
2008-04-17,1.3073,2.8073
2008-04-16,1.3360,2.8360
2008-04-15,1.3475,2.8475
2008-04-14,1.3410,2.8410
2008-04-11,1.3997,2.8997
2008-04-10,1.3849,2.8849
2008-04-09,1.3711,2.8711
2008-04-08,1.4221,2.9221
2008-04-07,1.4050,2.9050
2008-04-03,1.3444,2.8444
2008-04-02,1.3237,2.8237
2008-04-01,1.3411,2.8411
2008-03-31,1.4039,2.9039
2008-03-28,1.4344,2.9344
2008-03-27,1.3928,2.8928
2008-03-26,1.4197,2.9197
2008-03-25,1.4150,2.9150
2008-03-24,1.4036,2.9036
2008-03-21,1.4592,2.9592
2008-03-20,1.4423,2.9423
2008-03-19,1.4032,2.9032
2008-03-18,1.3675,2.8675
2008-03-17,1.4271,2.9271
2008-03-14,1.4865,2.9865
2008-03-13,1.4983,2.9983
2008-03-12,1.5296,3.0296
2008-03-11,1.5728,3.0728
2008-03-10,1.5753,3.0753
2008-03-07,1.6434,3.1434
2008-03-06,1.6702,3.1702
2008-03-05,1.6654,3.1654
2008-03-04,1.9796,3.1796
2008-03-03,2.0073,3.2073
2008-02-29,1.9579,3.1579
2008-02-28,1.9294,3.1294
2008-02-27,1.9333,3.1333
2008-02-26,1.8980,3.0980
2008-02-25,1.9313,3.1313
2008-02-22,1.9885,3.1885
2008-02-21,2.0481,3.2481
2008-02-20,2.0476,3.2476
2008-02-19,2.0860,3.2860
2008-02-18,2.0602,3.2602
2008-02-15,2.0036,3.2036
2008-02-14,2.0166,3.2166
2008-02-13,1.9984,3.1984
2008-02-05,2.0371,3.2371
2008-02-04,2.0618,3.2618
2008-02-01,1.9367,3.1367
2008-01-31,1.9491,3.1491
2008-01-30,1.9910,3.1910
2008-01-29,2.0153,3.2153
2008-01-28,2.0253,3.2253
2008-01-25,2.1194,3.3194
2008-01-24,2.1140,3.3140
2008-01-23,2.0763,3.2763
2008-01-22,1.9782,3.1782
2008-01-21,2.0899,3.2899
2008-01-18,2.1619,3.3619
2008-01-17,2.1507,3.3507
2008-01-16,2.1749,3.3749
2008-01-15,2.2196,3.4196
2008-01-14,2.2272,3.4272
2008-01-11,2.2059,3.4059
2008-01-10,2.1955,3.3955
2008-01-09,2.1790,3.3790
2008-01-08,2.1474,3.3474
2008-01-07,2.1508,3.3508
2008-01-04,2.1231,3.3231
2008-01-03,2.1096,3.3096
2008-01-02,2.1170,3.3170
2007-12-31,2.0913,3.2913
2007-12-29,2.0915,3.2915
2007-12-28,2.0916,3.2916
2007-12-27,2.0977,3.2977
2007-12-26,2.0704,3.2704
2007-12-25,2.0425,3.2425
2007-12-24,2.0315,3.2315
2007-12-21,1.9906,3.1906
2007-12-20,1.9699,3.1699
2007-12-19,1.9489,3.1489
2007-12-18,1.9164,3.1164
2007-12-17,1.9328,3.1328
2007-12-14,1.9437,3.1437
2007-12-13,1.8947,3.0947
2007-12-12,1.9592,3.1592
2007-12-11,1.9644,3.1644
2007-12-10,1.9431,3.1431
2007-12-07,1.8932,3.0932
2007-12-06,1.8750,3.0750
2007-12-05,1.8714,3.0714
2007-12-04,1.8252,3.0252
2007-12-03,1.8044,3.0044
2007-11-30,1.7931,2.9931
2007-11-29,1.8223,3.0223
2007-11-28,1.7865,2.9865
2007-11-27,1.8024,3.0024
2007-11-26,1.8335,3.0335
2007-11-23,1.8412,3.0412
2007-11-22,1.8204,3.0204
2007-11-21,1.8836,3.0836
2007-11-20,1.8963,3.0963
2007-11-19,1.8692,3.0692
2007-11-16,1.8699,3.0699
2007-11-15,1.8947,3.0947
2007-11-14,1.9205,3.1205
2007-11-13,1.8581,3.0581
2007-11-12,1.8722,3.0722
2007-11-09,1.8815,3.0815
2007-11-08,1.8938,3.0938
2007-11-07,1.9554,3.1554
2007-11-06,1.9510,3.1510
2007-11-05,1.9556,3.1556
2007-11-02,1.9744,3.1744
2007-11-01,2.0159,3.2159
2007-10-31,2.0525,3.2525
2007-10-30,2.0111,3.2111
2007-10-29,2.0088,3.2088
2007-10-26,1.9961,3.1961
2007-10-25,1.9789,3.1789
2007-10-24,2.0429,3.2429
2007-10-23,2.0290,3.2290
2007-10-22,2.0030,3.2030
2007-10-19,2.0368,3.2368
2007-10-18,2.0023,3.2023
2007-10-17,2.0586,3.2586
2007-10-16,2.0727,3.2727
2007-10-15,2.0482,3.2482
2007-10-12,2.0524,3.2524
2007-10-11,2.0606,3.2606
2007-10-10,2.0232,3.2232
2007-10-09,2.0136,3.2136
2007-10-08,2.0059,3.2059
2007-09-30,1.9785,3.1785
2007-09-28,1.9786,3.1786
2007-09-27,1.9283,3.1283
2007-09-26,1.8991,3.0991
2007-09-25,1.9135,3.1135
2007-09-24,1.9088,3.1088
2007-09-21,1.9167,3.1167
2007-09-20,1.9214,3.1214
2007-09-19,1.8950,3.0950
2007-09-18,1.9147,3.1147
2007-09-17,1.9420,3.1420
2007-09-14,1.9227,3.1227
2007-09-13,1.9038,3.1038
2007-09-12,1.8634,3.0634
2007-09-11,1.8481,3.0481
2007-09-10,1.9046,3.1046
2007-09-07,1.8945,3.0945
2007-09-06,1.9317,3.1317
2007-09-05,1.9182,3.1182
2007-09-04,1.9215,3.1215
2007-09-03,1.9407,3.1407
2007-08-31,1.9294,3.1294
2007-08-30,1.9025,3.1025
2007-08-29,1.8850,3.0850
2007-08-28,1.9057,3.1057
2007-08-27,1.9158,3.1158
2007-08-24,1.9215,3.1215
2007-08-23,1.9018,3.1018
2007-08-22,1.8632,3.0632
2007-08-21,1.8279,3.0279
2007-08-20,1.7886,2.9886
2007-08-17,1.7063,2.9063
2007-08-16,1.7350,2.9350
2007-08-15,1.7610,2.9610
2007-08-14,1.7614,2.9614
2007-08-13,1.7417,2.9417
2007-08-10,1.7539,2.9539
2007-08-09,1.7758,2.9758
2007-08-08,1.7270,2.9270
2007-08-07,1.7454,2.9454
2007-08-06,1.7386,2.9386
2007-08-03,1.7103,2.9103
2007-08-02,1.6484,2.8484
2007-08-01,1.6104,2.8104
2007-07-31,1.6550,2.8550
2007-07-30,1.6339,2.8339
2007-07-27,1.6010,2.8010
2007-07-26,1.6175,2.8175
2007-07-25,1.6101,2.8101
2007-07-24,1.6032,2.8032
2007-07-23,1.6114,2.8114
2007-07-20,1.5631,2.7631
2007-07-19,1.5024,2.7024
2007-07-18,1.5025,2.7025
2007-07-17,1.4958,2.6958
2007-07-16,1.4601,2.6601
2007-07-13,1.4903,2.6903
2007-07-12,1.4887,2.6887
2007-07-11,1.4790,2.6790
2007-07-10,1.4889,2.6889
2007-07-09,1.5033,2.7033
2007-07-06,1.4633,2.6633
2007-07-05,1.4081,2.6081
2007-07-04,1.4677,2.6677
2007-07-03,1.4971,2.6971
2007-07-02,1.4784,2.6784
2007-06-30,1.5014,2.7014
2007-06-29,1.5015,2.7015
2007-06-28,1.5190,2.7190
2007-06-27,1.5695,2.7695
2007-06-26,1.5179,2.7179
2007-06-25,1.5107,2.7107
2007-06-22,1.5362,2.7362
2007-06-21,1.5644,2.7644
2007-06-20,1.5480,2.7480
2007-06-19,1.5697,2.7697
2007-06-18,1.5793,2.7793
2007-06-15,1.5400,2.7400
2007-06-14,1.5399,2.7399
2007-06-13,1.5358,2.7358
2007-06-12,1.5129,2.7129
2007-06-11,1.4861,2.6861
2007-06-08,1.4341,2.6341
2007-06-07,1.4265,2.6265
2007-06-06,1.3861,2.5861
2007-06-05,1.3684,2.5684
2007-06-04,1.3412,2.5412
2007-06-01,1.4138,2.6138
2007-05-31,1.4277,2.6277
2007-05-30,1.3702,2.5702
2007-05-29,1.4565,2.6565
2007-05-28,1.4212,2.6212
2007-05-25,1.3854,2.5854
2007-05-24,1.3621,2.5621
2007-05-23,1.3732,2.5732
2007-05-22,1.3443,2.5443
2007-05-21,1.3412,2.5412
2007-05-18,1.3227,2.5227
2007-05-17,1.3141,2.5141
2007-05-16,1.2764,2.4764
2007-05-15,1.2413,2.4413
2007-05-14,1.2720,2.4720
2007-05-11,1.2458,2.4458
2007-05-10,1.2621,2.4621
2007-05-09,1.2760,2.4760
2007-05-08,1.2846,2.4846
2007-04-30,1.2571,2.4571
2007-04-27,1.2206,2.4206
2007-04-26,1.2423,2.4423
2007-04-25,1.2253,2.4253
2007-04-24,1.2273,2.4273
2007-04-23,1.2327,2.4327
2007-04-20,1.2054,2.4054
2007-04-19,1.1676,2.3676
2007-04-18,1.2154,2.4154
2007-04-17,1.2210,2.4210
2007-04-16,1.2353,2.4353
2007-04-13,1.2006,2.4006
2007-04-12,1.1815,2.3815
2007-04-11,1.1679,2.3679
2007-04-10,1.1608,2.3608
2007-04-09,1.1486,2.3486
2007-04-06,1.1408,2.3408
2007-04-05,1.1386,2.3386
2007-04-04,1.1247,2.3247
2007-04-03,1.1088,2.3088
2007-04-02,1.0887,2.2887
2007-03-31,1.0752,2.2752
2007-03-30,1.0752,2.2752
2007-03-29,1.0839,2.2839
2007-03-28,1.0744,2.2744
2007-03-27,1.0754,2.2754
2007-03-26,1.0756,2.2756
2007-03-23,1.0666,2.2666
2007-03-22,1.0724,2.2724
2007-03-21,1.0691,2.2691
2007-03-20,1.0622,2.2622
2007-03-19,1.0744,2.2744
2007-03-16,1.0590,2.2590
2007-03-15,1.0684,2.2684
2007-03-14,1.0521,2.2521
2007-03-13,1.0735,2.2735
2007-03-12,1.0693,2.2693
2007-03-09,1.0727,2.2727
2007-03-08,1.0804,2.2804
2007-03-07,1.0629,2.2629
2007-03-06,1.0310,2.2310
2007-03-05,1.0064,2.2064
2007-03-02,1.0210,2.2210
2007-03-01,1.0021,2.2021
2007-02-28,1.0191,2.2191
2007-02-27,1.0037,2.2037
2007-02-26,1.1086,2.3086
2007-02-16,1.1275,2.3275
2007-02-15,1.1357,2.3357
2007-02-14,1.1158,2.3158
2007-02-13,1.0900,2.2900
2007-02-12,1.0696,2.2696
2007-02-09,1.0314,2.2314
2007-02-08,1.0364,2.2364
2007-02-07,1.0320,2.2320
2007-02-06,1.0170,2.2170
2007-02-05,1.0170,2.2170
2007-02-02,1.0362,2.2362
2007-02-01,1.0727,2.2727
2007-01-31,1.0667,2.2667
2007-01-30,1.1197,2.3197
2007-01-29,1.1231,2.3231
2007-01-26,1.1201,2.3201
2007-01-25,1.1029,2.3029
2007-01-24,1.1215,2.3215
2007-01-23,1.1130,2.3130
2007-01-22,1.1200,2.3200
2007-01-19,1.0986,2.2986
2007-01-18,1.0843,2.2843
2007-01-17,1.0764,2.2764
2007-01-16,1.0914,2.2914
2007-01-15,1.0756,2.2756
2007-01-12,1.0601,2.2601
2007-01-11,1.0622,2.2622
2007-01-10,1.0625,2.2625
2007-01-09,1.0597,2.2597
2007-01-08,1.0536,2.2536
2007-01-05,1.0326,2.2326
2007-01-04,1.5586,2.2286
2006-12-31,1.5731,2.2431
2006-12-29,1.5731,2.2431
2006-12-28,1.5435,2.2135
2006-12-27,1.5475,2.2175
2006-12-26,1.8244,2.1944
2006-12-25,1.8341,2.2041
2006-12-22,1.8239,2.1939
2006-12-21,1.8348,2.2048
2006-12-20,1.8532,2.2232
2006-12-19,2.0412,2.2112
2006-12-18,2.0550,2.2250
2006-12-15,1.9867,2.1567
2006-12-14,1.9412,2.1112
2006-12-13,1.9146,2.0846
2006-12-12,1.8877,2.0577
2006-12-11,1.8649,2.0349
2006-12-08,1.8066,1.9766
2006-12-07,1.8430,2.0130
2006-12-06,1.8584,2.0284
2006-12-05,1.8832,2.0532
2006-12-04,1.8644,2.0344
2006-12-01,1.8464,2.0164
2006-11-30,1.8226,1.9926
2006-11-29,1.7722,1.9422
2006-11-28,1.7381,1.9081
2006-11-27,1.7216,1.8916
2006-11-24,1.6957,1.8657
2006-11-23,1.6864,1.8564
2006-11-22,1.6820,1.8520
2006-11-21,1.6662,1.8362
2006-11-20,1.6587,1.8287
2006-11-17,1.6440,1.8140
2006-11-16,1.6153,1.7853
2006-11-15,1.5933,1.7633
2006-11-14,1.5476,1.7176
2006-11-13,1.5281,1.6981
2006-11-10,1.5553,1.7253
2006-11-09,1.5721,1.7421
2006-11-08,1.5525,1.7225
2006-11-07,1.5484,1.7184
2006-11-06,1.5454,1.7154
2006-11-03,1.5442,1.7142
2006-11-02,1.5304,1.7004
2006-11-01,1.5391,1.7091
2006-10-31,1.5409,1.7109
2006-10-30,1.5345,1.7045
2006-10-27,1.5430,1.7130
2006-10-26,1.5555,1.7255
2006-10-25,1.5479,1.7179
2006-10-24,1.5274,1.6974
2006-10-23,1.5006,1.6706
2006-10-20,1.5327,1.7027
2006-10-19,1.5320,1.7020
2006-10-18,1.5199,1.6899
2006-10-17,1.5006,1.6706
2006-10-16,1.4941,1.6641
2006-10-13,1.5775,1.6975
2006-10-12,1.5766,1.6966
2006-10-11,1.5978,1.7178
2006-10-10,1.6077,1.7277
2006-10-09,1.6097,1.7297
2006-09-30,1.5741,1.6941
2006-09-29,1.5742,1.6942
2006-09-28,1.5605,1.6805
2006-09-27,1.5377,1.6577
2006-09-26,1.5313,1.6513
2006-09-25,1.5516,1.6716
2006-09-22,1.5445,1.6645
2006-09-21,1.5405,1.6605
2006-09-20,1.5264,1.6464
2006-09-19,1.5230,1.6430
2006-09-18,1.5154,1.6354
2006-09-15,1.5057,1.6257
2006-09-14,1.4924,1.6124
2006-09-13,1.4864,1.6064
2006-09-12,1.4942,1.6142
2006-09-11,1.4910,1.6110
2006-09-08,1.4858,1.6058
2006-09-07,1.4817,1.6017
2006-09-06,1.4984,1.6184
2006-09-05,1.4953,1.6153
2006-09-04,1.4945,1.6145
2006-09-01,1.4716,1.5916
2006-08-31,1.4811,1.6011
2006-08-30,1.4764,1.5964
2006-08-29,1.4810,1.6010
2006-08-28,1.4559,1.5759
2006-08-25,1.4291,1.5491
2006-08-24,1.4283,1.5483
2006-08-23,1.4206,1.5406
2006-08-22,1.4249,1.5449
2006-08-21,1.4093,1.5293
2006-08-18,1.3986,1.5186
2006-08-17,1.4015,1.5215
2006-08-16,1.4128,1.5328
2006-08-15,1.3993,1.5193
2006-08-14,1.3840,1.5040
2006-08-11,1.4173,1.5373
2006-08-10,1.4085,1.5285
2006-08-09,1.3943,1.5143
2006-08-08,1.3945,1.5145
2006-08-07,1.3747,1.4947
2006-08-04,1.3827,1.5027
2006-08-03,1.4035,1.5235
2006-08-02,1.4153,1.5353
2006-08-01,1.4352,1.5552
2006-07-31,1.4386,1.5586
2006-07-28,1.4846,1.6046
2006-07-27,1.5041,1.6241
2006-07-26,1.5203,1.6403
2006-07-25,1.5251,1.6451
2006-07-24,1.5006,1.6206
2006-07-21,1.4911,1.6111
2006-07-20,1.4727,1.5927
2006-07-19,1.4691,1.5891
2006-07-18,1.5002,1.6202
2006-07-17,1.5079,1.6279
2006-07-14,1.5094,1.6294
2006-07-13,1.4962,1.6162
2006-07-12,1.5465,1.6665
2006-07-11,1.5326,1.6526
2006-07-10,1.5281,1.6481
2006-07-07,1.5321,1.6521
2006-07-06,1.5349,1.6549
2006-07-05,1.5160,1.6360
2006-07-04,1.5215,1.6415
2006-07-03,1.5281,1.6481
2006-06-30,1.5002,1.6202
2006-06-29,1.4989,1.6189
2006-06-28,1.4677,1.5877
2006-06-27,1.4757,1.5957
2006-06-26,1.4711,1.5911
2006-06-23,1.4517,1.5717
2006-06-22,1.4482,1.5682
2006-06-21,1.4512,1.5712
2006-06-20,1.4631,1.5831
2006-06-19,1.4655,1.5855
2006-06-16,1.4456,1.5656
2006-06-15,1.4102,1.5302
2006-06-14,1.4046,1.5246
2006-06-13,1.4191,1.5391
2006-06-12,1.4139,1.5339
2006-06-09,1.3939,1.5139
2006-06-08,1.4040,1.5240
2006-06-07,1.3942,1.5142
2006-06-06,1.4653,1.5853
2006-06-05,1.4987,1.6187
2006-06-02,1.4960,1.6160
2006-06-01,1.5271,1.6471
2006-05-31,1.4948,1.6148
2006-05-30,1.5026,1.6226
2006-05-29,1.4618,1.5818
2006-05-26,1.4199,1.5399
2006-05-25,1.3952,1.5152
2006-05-24,1.3927,1.5127
2006-05-23,1.3971,1.5171
2006-05-22,1.4410,1.5610
2006-05-19,1.4663,1.5863
2006-05-18,1.4303,1.5503
2006-05-17,1.4227,1.5427
2006-05-16,1.4427,1.5627
2006-05-15,1.4753,1.5953
2006-05-12,1.4222,1.5422
2006-05-11,1.3746,1.4946
2006-05-10,1.3864,1.5064
2006-05-09,1.3673,1.4873
2006-05-08,1.3320,1.4520
2006-04-28,1.2915,1.4115
2006-04-27,1.2695,1.3895
2006-04-26,1.2717,1.3917
2006-04-25,1.2552,1.3752
2006-04-24,1.2352,1.3552
2006-04-21,1.2189,1.3389
2006-04-20,1.1999,1.3199
2006-04-19,1.1956,1.3156
2006-04-18,1.1684,1.2884
2006-04-17,1.1587,1.2787
2006-04-14,1.1497,1.2697
2006-04-13,1.1270,1.2470
2006-04-12,1.1622,1.2822
2006-04-11,1.2250,1.2950
2006-04-10,1.2167,1.2867
2006-04-07,1.2059,1.2759
2006-04-06,1.2066,1.2766
2006-04-05,1.1904,1.2604
2006-04-04,1.1775,1.2475
2006-04-03,1.1722,1.2422
2006-03-31,1.1499,1.2199
2006-03-30,1.1398,1.2098
2006-03-29,1.1335,1.2035
2006-03-28,1.0962,1.1662
2006-03-27,1.0886,1.1586
2006-03-24,1.0850,1.1550
2006-03-23,1.1160,1.1560
2006-03-22,1.1132,1.1532
2006-03-21,1.1061,1.1461
2006-03-20,1.1029,1.1429
2006-03-17,1.0979,1.1379
2006-03-16,1.1035,1.1435
2006-03-15,1.1011,1.1411
2006-03-14,1.0945,1.1345
2006-03-13,1.0906,1.1306
2006-03-10,1.0835,1.1235
2006-03-09,1.0811,1.1211
2006-03-08,1.0805,1.1205
2006-03-07,1.0824,1.1224
2006-03-06,1.1003,1.1403
2006-03-03,1.0973,1.1373
2006-03-02,1.0924,1.1324
2006-03-01,1.0985,1.1385
2006-02-28,1.0878,1.1278
2006-02-27,1.0739,1.1139
2006-02-24,1.0642,1.1042
2006-02-23,1.0536,1.0936
2006-02-22,1.0530,1.0930
2006-02-21,1.0544,1.0944
2006-02-20,1.0471,1.0871
2006-02-17,1.0476,1.0876
2006-02-16,1.0899,1.0899
2006-02-15,1.1028,1.1028
2006-02-14,1.1028,1.1028
2006-02-13,1.0977,1.0977
2006-02-10,1.0901,1.0901
2006-02-09,1.0817,1.0817
2006-02-08,1.0912,1.0912
2006-02-07,1.0979,1.0979
2006-02-06,1.1013,1.1013
2006-01-25,1.0867,1.0867
2006-01-24,1.0752,1.0752
2006-01-23,1.0689,1.0689
2006-01-20,1.0782,1.0782
2006-01-19,1.0754,1.0754
2006-01-18,1.0713,1.0713
2006-01-17,1.0571,1.0571
2006-01-16,1.0542,1.0542
2006-01-13,1.0655,1.0655
2006-01-12,1.0634,1.0634
2006-01-11,1.0566,1.0566
2006-01-10,1.0553,1.0553
2006-01-09,1.0535,1.0535
2006-01-06,1.0505,1.0505
2006-01-05,1.0421,1.0421
2006-01-04,1.0339,1.0339
2005-12-31,1.0228,1.0228
2005-12-30,1.0228,1.0228
2005-12-29,1.0280,1.0280
2005-12-28,1.0229,1.0229
2005-12-27,1.0217,1.0217
2005-12-26,1.0214,1.0214
2005-12-23,1.0177,1.0177
2005-12-22,1.0130,1.0130
2005-12-21,1.0096,1.0096
2005-12-20,1.0090,1.0090
2005-12-19,1.0086,1.0086
2005-12-16,1.0072,1.0072
2005-12-15,1.0053,1.0053
2005-12-14,1.0059,1.0059
2005-12-13,1.0031,1.0031
2005-12-12,1.0037,1.0037
2005-12-09,1.0045,1.0045
2005-12-08,1.0022,1.0022
2005-12-07,1.0021,1.0021
2005-12-06,1.0001,1.0001
2005-12-05,0.9988,0.9988
2005-12-02,0.9996,0.9996
2005-12-01,0.9996,0.9996
2005-11-30,1.0017,1.0017
2005-11-29,1.0017,1.0017
2005-11-28,1.0017,1.0017
2005-11-25,1.0017,1.0017
2005-11-24,1.0006,1.0006
2005-11-23,1.0006,1.0006
2005-11-22,1.0006,1.0006
2005-11-21,1.0006,1.0006
2005-11-18,1.0006,1.0006
2005-11-16,1.0000,1.0000
